-- phpMyAdmin SQL Dump
-- version 4.9.11
-- https://www.phpmyadmin.net/
--
-- Servidor: localhost
-- Tiempo de generación: 28-11-2024 a las 01:09:40
-- Versión del servidor: 5.7.36
-- Versión de PHP: 7.4.33

SET SQL_MODE = "NO_AUTO_VALUE_ON_ZERO";
SET AUTOCOMMIT = 0;
START TRANSACTION;
SET time_zone = "+00:00";


/*!40101 SET @OLD_CHARACTER_SET_CLIENT=@@CHARACTER_SET_CLIENT */;
/*!40101 SET @OLD_CHARACTER_SET_RESULTS=@@CHARACTER_SET_RESULTS */;
/*!40101 SET @OLD_COLLATION_CONNECTION=@@COLLATION_CONNECTION */;
/*!40101 SET NAMES utf8mb4 */;

--
-- Base de datos: `fotoseve_eventos`
--

-- --------------------------------------------------------

--
-- Estructura de tabla para la tabla `accounts`
--

CREATE TABLE `accounts` (
  `id` bigint(20) UNSIGNED NOT NULL,
  `name` varchar(255) COLLATE utf8mb4_unicode_ci DEFAULT NULL,
  `bank` varchar(255) COLLATE utf8mb4_unicode_ci DEFAULT NULL,
  `alias` varchar(255) COLLATE utf8mb4_unicode_ci DEFAULT NULL,
  `number` varchar(255) COLLATE utf8mb4_unicode_ci DEFAULT NULL,
  `ubc` varchar(255) COLLATE utf8mb4_unicode_ci DEFAULT NULL,
  `accountable_id` bigint(20) UNSIGNED NOT NULL DEFAULT '0',
  `accountable_type` varchar(45) COLLATE utf8mb4_unicode_ci NOT NULL DEFAULT 'client',
  `created_at` timestamp NULL DEFAULT NULL,
  `updated_at` timestamp NULL DEFAULT NULL,
  `deleted_at` timestamp NULL DEFAULT NULL
) ENGINE=InnoDB DEFAULT CHARSET=utf8mb4 COLLATE=utf8mb4_unicode_ci;

-- --------------------------------------------------------

--
-- Estructura de tabla para la tabla `clients`
--

CREATE TABLE `clients` (
  `id` bigint(20) UNSIGNED NOT NULL,
  `code` varchar(50) DEFAULT NULL,
  `surname` varchar(255) DEFAULT NULL,
  `name` varchar(255) DEFAULT NULL,
  `razon_social` varchar(255) DEFAULT NULL,
  `client_segment_id` bigint(20) UNSIGNED NOT NULL,
  `phone` varchar(25) DEFAULT NULL,
  `celular` varchar(25) DEFAULT NULL,
  `email` varchar(250) DEFAULT NULL,
  `type_document` varchar(150) DEFAULT NULL,
  `n_document` varchar(8) DEFAULT NULL,
  `cuit` varchar(13) DEFAULT NULL,
  `address` varchar(250) DEFAULT NULL,
  `state` tinyint(1) UNSIGNED NOT NULL,
  `ubigeo_provincia` varchar(25) DEFAULT NULL,
  `ubigeo_departamento` varchar(25) DEFAULT NULL,
  `ubigeo_localidad` varchar(25) DEFAULT NULL,
  `provincia` varchar(100) DEFAULT NULL,
  `departamento` varchar(100) DEFAULT NULL,
  `localidad` varchar(100) DEFAULT NULL,
  `created_at` timestamp NULL DEFAULT NULL,
  `updated_at` timestamp NULL DEFAULT NULL,
  `deleted_at` timestamp NULL DEFAULT NULL
) ENGINE=InnoDB DEFAULT CHARSET=utf8mb4;

--
-- Volcado de datos para la tabla `clients`
--

INSERT INTO `clients` (`id`, `code`, `surname`, `name`, `razon_social`, `client_segment_id`, `phone`, `celular`, `email`, `type_document`, `n_document`, `cuit`, `address`, `state`, `ubigeo_provincia`, `ubigeo_departamento`, `ubigeo_localidad`, `provincia`, `departamento`, `localidad`, `created_at`, `updated_at`, `deleted_at`) VALUES
(1, '186', 'LAMAS', 'SANTIAGO', 'TACITA DE PLATA', 6, NULL, '3884321268', NULL, NULL, NULL, '20139999844', 'URDININEA 278', 1, '10', '1010', '101019', 'JUJUY', 'DR. MANUEL BELGRANO', 'SAN SALVADOR DE JUJUY', '2024-11-21 13:10:39', '2024-11-21 13:10:39', NULL),
(2, '46', 'CAMPANILE', 'WALTER', 'PRONTO CUCCINA', 6, NULL, '3884614000', NULL, NULL, NULL, '23256438429', 'TTE TUCO ESQUINA DAVILA 896', 1, '10', '1010', '101019', 'JUJUY', 'DR. MANUEL BELGRANO', 'SAN SALVADOR DE JUJUY', '2024-11-21 13:10:39', '2024-11-21 13:10:39', NULL),
(3, '1453', 'LAGORIA', 'HECTOR ', 'TAZ', 6, NULL, '3885896179', NULL, NULL, NULL, '20235810175', 'Alvear', 1, '10', '1010', '101019', 'JUJUY', 'DR. MANUEL BELGRANO', 'SAN SALVADOR DE JUJUY', '2024-11-21 13:10:39', '2024-11-21 13:10:39', NULL),
(4, '1422', 'PINTO', NULL, 'COMEDOR  PINTO', 5, NULL, '', NULL, NULL, NULL, '11111111', 'MORENO', 1, '10', '1010', '101019', 'JUJUY', 'DR. MANUEL BELGRANO', 'SAN SALVADOR DE JUJUY', '2024-11-21 13:10:39', '2024-11-21 13:10:39', NULL),
(5, '58', 'SANDOVAL', 'DARIO RODOLFO', 'GALDO CAFE', 6, NULL, '', NULL, NULL, NULL, '20286469125', 'PLAZA BELGRANO', 1, '10', '1010', '101019', 'JUJUY', 'DR. MANUEL BELGRANO', 'SAN SALVADOR DE JUJUY', '2024-11-21 13:10:39', '2024-11-21 13:10:39', NULL),
(6, '4', NULL, 'ALDO', 'ALDO EMPANADERO', 5, NULL, '3884131988', NULL, NULL, NULL, NULL, 'MALVINAS', 1, '10', '1010', '101019', 'JUJUY', 'DR. MANUEL BELGRANO', 'SAN SALVADOR DE JUJUY', '2024-11-21 13:10:39', '2024-11-21 13:10:39', NULL),
(7, '954', NULL, 'ALEJANDRA', 'ALEJANDRA Bº 4 DE AGOSTO', 5, NULL, '', NULL, NULL, NULL, NULL, 'ALTO COMEDERO', 1, '10', '1010', '101019', 'JUJUY', 'DR. MANUEL BELGRANO', 'SAN SALVADOR DE JUJUY', '2024-11-21 13:10:39', '2024-11-21 13:10:39', NULL),
(8, '850', NULL, 'ANA', 'ANA 150 HECT', 5, NULL, '3884043223', NULL, NULL, NULL, NULL, 'ALTO COMEDERO', 1, '10', '1010', '101019', 'JUJUY', 'DR. MANUEL BELGRANO', 'SAN SALVADOR DE JUJUY', '2024-11-21 13:10:39', '2024-11-21 13:10:39', NULL),
(9, '1411', NULL, 'ANDREA', 'ANDI', 5, NULL, '3884436689', NULL, NULL, NULL, NULL, 'B TUPAK PILETA TUPAK', 1, '10', '1010', '101019', 'JUJUY', 'DR. MANUEL BELGRANO', 'SAN SALVADOR DE JUJUY', '2024-11-21 13:10:39', '2024-11-21 13:10:39', NULL),
(10, '225', 'ARMELLA', NULL, 'ARMELLA', 5, NULL, '', NULL, NULL, NULL, NULL, 'ALTO COMEDERO', 1, '10', '1010', '101019', 'JUJUY', 'DR. MANUEL BELGRANO', 'SAN SALVADOR DE JUJUY', '2024-11-21 13:10:39', '2024-11-21 13:10:39', NULL),
(11, '716', NULL, 'DANI', 'AVICOLA DANI', 5, NULL, '3884453293', NULL, NULL, NULL, NULL, 'MONTEAGUDO 963', 1, '10', '1010', '101019', 'JUJUY', 'DR. MANUEL BELGRANO', 'SAN SALVADOR DE JUJUY', '2024-11-21 13:10:39', '2024-11-21 13:10:39', NULL),
(12, '1526', 'MEJIAS', NULL, 'AVICOLA GEYEN', 5, NULL, '', NULL, NULL, NULL, NULL, 'ALTE BROWN', 1, '10', '1010', '101019', 'JUJUY', 'DR. MANUEL BELGRANO', 'SAN SALVADOR DE JUJUY', '2024-11-21 13:10:39', '2024-11-21 13:10:39', NULL),
(13, '5', NULL, NULL, 'AVICOLA MEJIAS', 5, NULL, '', NULL, NULL, NULL, NULL, 'MEJIAS', 1, '10', '1010', '101019', 'JUJUY', 'DR. MANUEL BELGRANO', 'SAN SALVADOR DE JUJUY', '2024-11-21 13:10:39', '2024-11-21 13:10:39', NULL),
(14, '1521', NULL, NULL, 'AVICOLA SAN EXPEDITO', 5, NULL, '', NULL, NULL, NULL, NULL, 'SAN PEDRITO', 1, '10', '1010', '101019', 'JUJUY', 'DR. MANUEL BELGRANO', 'SAN SALVADOR DE JUJUY', '2024-11-21 13:10:39', '2024-11-21 13:10:39', NULL),
(15, '32', 'BAES ', 'YESICA', 'BAES YESICA', 5, NULL, '3884760103', NULL, NULL, NULL, NULL, 'SAN PEDRITO', 1, '10', '1010', '101019', 'JUJUY', 'DR. MANUEL BELGRANO', 'SAN SALVADOR DE JUJUY', '2024-11-21 13:10:39', '2024-11-21 13:10:39', NULL),
(16, '849', NULL, NULL, 'CAFE LOS DOS CHINOS', 5, NULL, '', NULL, NULL, NULL, NULL, 'ALVEAR Y LAVALLE', 1, '10', '1010', '101019', 'JUJUY', 'DR. MANUEL BELGRANO', 'SAN SALVADOR DE JUJUY', '2024-11-21 13:10:39', '2024-11-21 13:10:39', NULL),
(17, '1070', NULL, 'CARLA', 'CARLA DESP LA MAMI', 5, NULL, '', NULL, NULL, NULL, NULL, 'TUPAC 7MA ETAPA', 1, '10', '1010', '101019', 'JUJUY', 'DR. MANUEL BELGRANO', 'SAN SALVADOR DE JUJUY', '2024-11-21 13:10:39', '2024-11-21 13:10:39', NULL),
(18, '946', NULL, 'CARLOS', 'CARLOS FERIA', 5, NULL, '3884886836', NULL, NULL, NULL, NULL, 'FERIA TONINO AV UNDIANO', 1, '10', '1010', '101019', 'JUJUY', 'DR. MANUEL BELGRANO', 'SAN SALVADOR DE JUJUY', '2024-11-21 13:10:39', '2024-11-21 13:10:39', NULL),
(19, '177', NULL, 'CARLOS', 'CARLOS MINI AGUSTINA', 5, NULL, '3884179441', NULL, NULL, NULL, NULL, 'AV SNOPEK Y MONTERRICO ', 1, '10', '1010', '101019', 'JUJUY', 'DR. MANUEL BELGRANO', 'SAN SALVADOR DE JUJUY', '2024-11-21 13:10:39', '2024-11-21 13:10:39', NULL),
(20, '1165', 'CRUZ', 'CARMEN', 'CARMEN CRUZ', 5, NULL, '', NULL, NULL, NULL, NULL, 'LAS LOMAS', 1, '10', '1010', '101019', 'JUJUY', 'DR. MANUEL BELGRANO', 'SAN SALVADOR DE JUJUY', '2024-11-21 13:10:39', '2024-11-21 13:10:39', NULL),
(21, '1022', NULL, NULL, 'CARN EL MONO LOCO', 5, NULL, '', NULL, NULL, NULL, NULL, 'AEREOCLUB', 1, '10', '1010', '101019', 'JUJUY', 'DR. MANUEL BELGRANO', 'SAN SALVADOR DE JUJUY', '2024-11-21 13:10:39', '2024-11-21 13:10:39', NULL),
(22, '1624', NULL, NULL, 'CARN GALANCITO', 5, NULL, '3884708998', NULL, NULL, NULL, NULL, 'VIEJA TERMINAL', 1, '10', '1010', '101019', 'JUJUY', 'DR. MANUEL BELGRANO', 'SAN SALVADOR DE JUJUY', '2024-11-21 13:10:39', '2024-11-21 13:10:39', NULL),
(23, '1875', 'MENDEZ', 'HORACIO', 'CARN HORACIO MENDEZ', 5, NULL, '3884879432', NULL, NULL, NULL, NULL, 'Bº BELGRANO JUANITA MORO', 1, '10', '1010', '101019', 'JUJUY', 'DR. MANUEL BELGRANO', 'SAN SALVADOR DE JUJUY', '2024-11-21 13:10:39', '2024-11-21 13:10:39', NULL),
(24, '746', NULL, NULL, 'CARNES FERMAX II', 5, NULL, '', NULL, NULL, NULL, NULL, '30HECTAREA', 1, '10', '1010', '101019', 'JUJUY', 'DR. MANUEL BELGRANO', 'SAN SALVADOR DE JUJUY', '2024-11-21 13:10:39', '2024-11-21 13:10:39', NULL),
(25, '972', NULL, 'RICARDO', 'CARNICERIA RICKY', 5, NULL, '3885066403', NULL, NULL, NULL, NULL, 'AZOPARDO', 1, '10', '1010', '101019', 'JUJUY', 'DR. MANUEL BELGRANO', 'SAN SALVADOR DE JUJUY', '2024-11-21 13:10:39', '2024-11-21 13:10:39', NULL),
(26, '1887', NULL, 'CECILIA', 'CECY ARENAL', 5, NULL, '', NULL, NULL, NULL, NULL, 'ARENALES', 1, '10', '1010', '101019', 'JUJUY', 'DR. MANUEL BELGRANO', 'SAN SALVADOR DE JUJUY', '2024-11-21 13:10:39', '2024-11-21 13:10:39', NULL),
(27, '596', NULL, NULL, 'CENTRO GAUCHO - HUAICO', 5, NULL, '3885752991', NULL, NULL, NULL, NULL, 'HUAICO ', 1, '10', '1010', '101019', 'JUJUY', 'DR. MANUEL BELGRANO', 'SAN SALVADOR DE JUJUY', '2024-11-21 13:10:39', '2024-11-21 13:10:39', NULL),
(28, '860', 'CHAMBI', 'ROSMERY', 'CHAMBI ROSMERY', 5, NULL, '3884548330', NULL, NULL, NULL, NULL, 'LOLA MORA MZA 6 LOTE 22', 1, '10', '1010', '101019', 'JUJUY', 'DR. MANUEL BELGRANO', 'SAN SALVADOR DE JUJUY', '2024-11-21 13:10:39', '2024-11-21 13:10:39', NULL),
(29, '624', NULL, 'CLUDIA', 'CLAUDIA EMP.', 5, NULL, '3885475436', NULL, NULL, NULL, NULL, 'B2', 1, '10', '1010', '101019', 'JUJUY', 'DR. MANUEL BELGRANO', 'SAN SALVADOR DE JUJUY', '2024-11-21 13:10:39', '2024-11-21 13:10:39', NULL),
(30, '1033', NULL, 'MARGO', 'COM DOÑA MARGO', 5, NULL, '3884108174', NULL, NULL, NULL, NULL, 'VIEJA TERMINAL LOCAL 7', 1, '10', '1010', '101019', 'JUJUY', 'DR. MANUEL BELGRANO', 'SAN SALVADOR DE JUJUY', '2024-11-21 13:10:39', '2024-11-21 13:10:39', NULL),
(31, '969', NULL, 'GABRIELA', 'COM. GABRIELA', 5, NULL, '3886826123', NULL, NULL, NULL, NULL, 'CARAHUASI SECTOR B2', 1, '10', '1010', '101019', 'JUJUY', 'DR. MANUEL BELGRANO', 'SAN SALVADOR DE JUJUY', '2024-11-21 13:10:39', '2024-11-21 13:10:39', NULL),
(32, '1388', NULL, NULL, 'COMEDOR 4 DE AGOSTO', 5, NULL, '', NULL, NULL, NULL, NULL, 'Bº 4 DE AGOSTO', 1, '10', '1010', '101019', 'JUJUY', 'DR. MANUEL BELGRANO', 'SAN SALVADOR DE JUJUY', '2024-11-21 13:10:39', '2024-11-21 13:10:39', NULL),
(33, '821', NULL, NULL, 'COMEDOR DOÑA MARIA', 5, NULL, '3884070629', NULL, NULL, NULL, NULL, 'MARINA VILTE', 1, '10', '1010', '101019', 'JUJUY', 'DR. MANUEL BELGRANO', 'SAN SALVADOR DE JUJUY', '2024-11-21 13:10:39', '2024-11-21 13:10:39', NULL),
(34, '581', NULL, NULL, 'COMEDOR FORESTAL', 5, NULL, '', NULL, NULL, NULL, NULL, 'ALTO COMEDERO', 1, '10', '1010', '101019', 'JUJUY', 'DR. MANUEL BELGRANO', 'SAN SALVADOR DE JUJUY', '2024-11-21 13:10:39', '2024-11-21 13:10:39', NULL),
(35, '820', NULL, NULL, 'COMEDOR REYES', 5, NULL, '3884450960', NULL, NULL, NULL, NULL, 'COSTANERA Bª REYES', 1, '10', '1010', '101019', 'JUJUY', 'DR. MANUEL BELGRANO', 'SAN SALVADOR DE JUJUY', '2024-11-21 13:10:39', '2024-11-21 13:10:39', NULL),
(36, '875', NULL, NULL, 'COMEDOR TERMINAL', 5, NULL, '3885202225', NULL, NULL, NULL, NULL, 'VIEJA TERMINAL', 1, '10', '1010', '101019', 'JUJUY', 'DR. MANUEL BELGRANO', 'SAN SALVADOR DE JUJUY', '2024-11-21 13:10:39', '2024-11-21 13:10:39', NULL),
(37, '345', NULL, NULL, 'CONSUMIDOR FINAL RENE', 5, NULL, '', NULL, NULL, NULL, NULL, NULL, 1, '10', '1010', '101019', 'JUJUY', 'DR. MANUEL BELGRANO', 'SAN SALVADOR DE JUJUY', '2024-11-21 13:10:39', '2024-11-21 13:10:39', NULL),
(38, '1518', NULL, 'CRISTIAN', 'CRISTIAN - AERO CLUB', 5, NULL, '', NULL, NULL, NULL, NULL, 'ALTO COMEDERO', 1, '10', '1010', '101019', 'JUJUY', 'DR. MANUEL BELGRANO', 'SAN SALVADOR DE JUJUY', '2024-11-21 13:10:39', '2024-11-21 13:10:39', NULL),
(39, '348', 'CRUZ', 'FABIAN', 'CRUZ FABIAN', 5, NULL, '', NULL, NULL, NULL, NULL, NULL, 1, '10', '1010', '101019', 'JUJUY', 'DR. MANUEL BELGRANO', 'SAN SALVADOR DE JUJUY', '2024-11-21 13:10:39', '2024-11-21 13:10:39', NULL),
(40, '928', 'CRUZ', 'DANIEL', 'DANIEL CRUZ', 5, NULL, '', NULL, NULL, NULL, NULL, '30 HCT', 1, '10', '1010', '101019', 'JUJUY', 'DR. MANUEL BELGRANO', 'SAN SALVADOR DE JUJUY', '2024-11-21 13:10:39', '2024-11-21 13:10:39', NULL),
(41, '670', NULL, 'DANIELA ', 'DANIELA POLLERIA', 5, NULL, '3885765974', NULL, NULL, NULL, NULL, 'AV CARAWHUASI A.COMEDERO', 1, '10', '1010', '101019', 'JUJUY', 'DR. MANUEL BELGRANO', 'SAN SALVADOR DE JUJUY', '2024-11-21 13:10:39', '2024-11-21 13:10:39', NULL),
(42, '633', NULL, 'DELIA ', 'DELIA FUERZA AEREA', 5, NULL, '', NULL, NULL, NULL, NULL, 'ALTO COMEDERO', 1, '10', '1010', '101019', 'JUJUY', 'DR. MANUEL BELGRANO', 'SAN SALVADOR DE JUJUY', '2024-11-21 13:10:39', '2024-11-21 13:10:39', NULL),
(43, '1195', NULL, 'DENISE ', 'DENISE FERIA', 5, NULL, '3885132823', NULL, NULL, NULL, NULL, 'AV LA QUIACA A. COMEDERO', 1, '10', '1010', '101019', 'JUJUY', 'DR. MANUEL BELGRANO', 'SAN SALVADOR DE JUJUY', '2024-11-21 13:10:39', '2024-11-21 13:10:39', NULL),
(44, '184', NULL, 'PABLO ', 'DESP PABLO HUAICO', 5, NULL, '3886076537', NULL, NULL, NULL, NULL, ' HUAICO ', 1, '10', '1010', '101019', 'JUJUY', 'DR. MANUEL BELGRANO', 'SAN SALVADOR DE JUJUY', '2024-11-21 13:10:39', '2024-11-21 13:10:39', NULL),
(45, '855', NULL, NULL, 'DESP. NUEVA ESPERANZA', 5, NULL, '', NULL, NULL, NULL, NULL, 'PALPALA Y CHORCAN', 1, '10', '1010', '101019', 'JUJUY', 'DR. MANUEL BELGRANO', 'SAN SALVADOR DE JUJUY', '2024-11-21 13:10:39', '2024-11-21 13:10:39', NULL),
(46, '189', NULL, NULL, 'DESPENSA CRISTO REY', 5, NULL, '3886634385', NULL, NULL, NULL, NULL, 'AV MARINA VILTE', 1, '10', '1010', '101019', 'JUJUY', 'DR. MANUEL BELGRANO', 'SAN SALVADOR DE JUJUY', '2024-11-21 13:10:39', '2024-11-21 13:10:39', NULL),
(47, '750', NULL, NULL, 'DESPENSA R Y J', 5, NULL, '3885797469', NULL, NULL, NULL, NULL, 'AGUAS DE LOS ANDES', 1, '10', '1010', '101019', 'JUJUY', 'DR. MANUEL BELGRANO', 'SAN SALVADOR DE JUJUY', '2024-11-21 13:10:39', '2024-11-21 13:10:39', NULL),
(48, '1138', NULL, NULL, 'DIEGO B CALCINA', 5, NULL, '', NULL, NULL, NULL, NULL, NULL, 1, '10', '1010', '101019', 'JUJUY', 'DR. MANUEL BELGRANO', 'SAN SALVADOR DE JUJUY', '2024-11-21 13:10:39', '2024-11-21 13:10:39', NULL),
(49, '1689', NULL, NULL, 'P - BET GONZALES', 5, NULL, '3885138909', NULL, NULL, NULL, NULL, 'BARRIO LA MERCED', 1, '10', '1013', '101311', 'JUJUY', 'PALPALA', 'PALPALA', '2024-11-21 13:10:39', '2024-11-27 18:37:15', NULL),
(50, '10', NULL, NULL, 'DURAN SANTIAGO', 5, NULL, '3884353410', NULL, NULL, NULL, NULL, 'CALLE ZENTA', 1, '10', '1010', '101019', 'JUJUY', 'DR. MANUEL BELGRANO', 'SAN SALVADOR DE JUJUY', '2024-11-21 13:10:39', '2024-11-21 13:10:39', NULL),
(51, '398', 'TEJEDA ', 'CLAUDIO', 'EL HAREM DEL POLLO', 6, NULL, '3884359066', NULL, NULL, NULL, '23-24611376-9', 'AV EL EXODO ', 1, '10', '1010', '101019', 'JUJUY', 'DR. MANUEL BELGRANO', 'SAN SALVADOR DE JUJUY', '2024-11-21 13:10:39', '2024-11-21 13:10:39', NULL),
(52, '11', NULL, 'ELDA', 'ELDA - POLL XIOMI', 5, NULL, '3884558928', NULL, NULL, NULL, NULL, 'MALVINA PABLO ARROYO', 1, '10', '1010', '101019', 'JUJUY', 'DR. MANUEL BELGRANO', 'SAN SALVADOR DE JUJUY', '2024-11-21 13:10:39', '2024-11-21 13:10:39', NULL),
(53, '1572', 'CUBELA', 'EMILIANO ', 'EMILIANO CUBELA', 5, NULL, '3885723588', NULL, NULL, NULL, NULL, 'REYES', 1, '10', '1010', '101019', 'JUJUY', 'DR. MANUEL BELGRANO', 'SAN SALVADOR DE JUJUY', '2024-11-21 13:10:39', '2024-11-21 13:10:39', NULL),
(54, '1210', NULL, NULL, 'P - FLIA CRUZ', 5, NULL, NULL, NULL, NULL, NULL, NULL, 'SAN CAYETANO 908', 1, '10', '1013', '101311', 'JUJUY', 'PALPALA', 'PALPALA', '2024-11-21 13:10:39', '2024-11-27 18:36:58', NULL),
(55, '729', NULL, NULL, 'EMP NORMA ZAMBRANO', 5, NULL, '3885074095', NULL, NULL, NULL, NULL, 'B3 ALTO COMEDERO', 1, '10', '1010', '101019', 'JUJUY', 'DR. MANUEL BELGRANO', 'SAN SALVADOR DE JUJUY', '2024-11-21 13:10:39', '2024-11-21 13:10:39', NULL),
(56, '1132', NULL, NULL, 'EMP PABLO ZAMBRANO', 5, NULL, '3885217198', NULL, NULL, NULL, NULL, 'B4 ALTO COMEDERO', 1, '10', '1010', '101019', 'JUJUY', 'DR. MANUEL BELGRANO', 'SAN SALVADOR DE JUJUY', '2024-11-21 13:10:39', '2024-11-21 13:10:39', NULL),
(57, '725', NULL, NULL, 'EMP. MARINA VILTE', 5, NULL, '', NULL, NULL, NULL, NULL, 'MARINA VILTE', 1, '10', '1010', '101019', 'JUJUY', 'DR. MANUEL BELGRANO', 'SAN SALVADOR DE JUJUY', '2024-11-21 13:10:39', '2024-11-21 13:10:39', NULL),
(58, '1547', NULL, NULL, 'EMP.MARTINA VARGAS', 5, NULL, '', NULL, NULL, NULL, NULL, 'MALVINAS MEJIAS', 1, '10', '1010', '101019', 'JUJUY', 'DR. MANUEL BELGRANO', 'SAN SALVADOR DE JUJUY', '2024-11-21 13:10:39', '2024-11-21 13:10:39', NULL),
(59, '156', NULL, NULL, 'EMPANADERA DE CAMPO', 5, NULL, '3885066139', NULL, NULL, NULL, NULL, 'PATRICIIAS ARGENTINAS', 1, '10', '1010', '101019', 'JUJUY', 'DR. MANUEL BELGRANO', 'SAN SALVADOR DE JUJUY', '2024-11-21 13:10:39', '2024-11-21 13:10:39', NULL),
(60, '1409', NULL, NULL, 'ENRIQUETA FIGUEROA', 5, NULL, '', NULL, NULL, NULL, NULL, 'ALTO COMEDERO B4', 1, '10', '1010', '101019', 'JUJUY', 'DR. MANUEL BELGRANO', 'SAN SALVADOR DE JUJUY', '2024-11-21 13:10:39', '2024-11-21 13:10:39', NULL),
(61, '626', 'ZAMBRANO', 'ERNESTO', 'ERNESTO ZAMBRANO-EMP', 5, NULL, '3884144508', NULL, NULL, NULL, NULL, 'Bº TUPAC AMARU', 1, '10', '1010', '101019', 'JUJUY', 'DR. MANUEL BELGRANO', 'SAN SALVADOR DE JUJUY', '2024-11-21 13:10:39', '2024-11-21 13:10:39', NULL),
(62, '542', NULL, NULL, 'ESTER AEREOCLUB', 5, NULL, '3883341661', NULL, NULL, NULL, NULL, 'AEREOCLUB', 1, '10', '1010', '101019', 'JUJUY', 'DR. MANUEL BELGRANO', 'SAN SALVADOR DE JUJUY', '2024-11-21 13:10:39', '2024-11-21 13:10:39', NULL),
(63, '922', NULL, NULL, 'FABRICA DE LAS MILANESAS - CENTRO', 5, NULL, '', NULL, NULL, NULL, NULL, 'PATRICIAS ARG.', 1, '10', '1010', '101019', 'JUJUY', 'DR. MANUEL BELGRANO', 'SAN SALVADOR DE JUJUY', '2024-11-21 13:10:39', '2024-11-21 13:10:39', NULL),
(64, '736', NULL, NULL, 'FABRICA DE MILANESA 2', 5, NULL, '', NULL, NULL, NULL, NULL, 'AV BOLIVIA', 1, '10', '1010', '101019', 'JUJUY', 'DR. MANUEL BELGRANO', 'SAN SALVADOR DE JUJUY', '2024-11-21 13:10:39', '2024-11-21 13:10:39', NULL),
(65, '579', NULL, NULL, 'FABRICA DE MILANESAS', 5, NULL, '3886822323', NULL, NULL, NULL, NULL, 'EL CARMEN Bº A. GORRITI', 1, '10', '1010', '101019', 'JUJUY', 'DR. MANUEL BELGRANO', 'SAN SALVADOR DE JUJUY', '2024-11-21 13:10:39', '2024-11-21 13:10:39', NULL),
(66, '344', 'ZARATE', 'FELIZ', 'FELIX ZARATE', 5, NULL, '3885809918', NULL, NULL, NULL, NULL, NULL, 1, '10', '1010', '101019', 'JUJUY', 'DR. MANUEL BELGRANO', 'SAN SALVADOR DE JUJUY', '2024-11-21 13:10:39', '2024-11-21 13:10:39', NULL),
(67, '1164', NULL, NULL, 'GABRIELA LAS TIPAS', 5, NULL, '', NULL, NULL, NULL, NULL, 'PALPALA', 1, '10', '1010', '101019', 'JUJUY', 'DR. MANUEL BELGRANO', 'SAN SALVADOR DE JUJUY', '2024-11-21 13:10:39', '2024-11-21 13:10:39', NULL),
(68, '625', NULL, NULL, 'GABY 8 DE MARZO', 5, NULL, '1131373703', NULL, NULL, NULL, NULL, 'ALTO COMEDERO', 1, '10', '1010', '101019', 'JUJUY', 'DR. MANUEL BELGRANO', 'SAN SALVADOR DE JUJUY', '2024-11-21 13:10:40', '2024-11-21 13:10:40', NULL),
(69, '751', NULL, NULL, 'GERMAN ZAMBRANO', 5, NULL, '3884613114', NULL, NULL, NULL, NULL, 'MARINA VILTE ', 1, '10', '1010', '101019', 'JUJUY', 'DR. MANUEL BELGRANO', 'SAN SALVADOR DE JUJUY', '2024-11-21 13:10:40', '2024-11-21 13:10:40', NULL),
(70, '339', NULL, NULL, 'GUSTAVO TUPAC', 5, NULL, '3884795324', NULL, NULL, NULL, NULL, 'Bº TUPAC', 1, '10', '1010', '101019', 'JUJUY', 'DR. MANUEL BELGRANO', 'SAN SALVADOR DE JUJUY', '2024-11-21 13:10:40', '2024-11-21 13:10:40', NULL),
(71, '1651', 'MONTIEL', 'SEBASTIAN', 'HOSP SAN ROQUE - MONTIEL SEBASTIAN', 7, NULL, '3516567005', NULL, NULL, NULL, '20-40584816-4', 'CENTRO', 1, '10', '1010', '101019', 'JUJUY', 'DR. MANUEL BELGRANO', 'SAN SALVADOR DE JUJUY', '2024-11-21 13:10:40', '2024-11-21 13:10:40', NULL),
(72, '1287', NULL, NULL, 'HUANCO ARIEL', 5, NULL, '', NULL, NULL, NULL, NULL, 'AEREOCLUB', 1, '10', '1010', '101019', 'JUJUY', 'DR. MANUEL BELGRANO', 'SAN SALVADOR DE JUJUY', '2024-11-21 13:10:40', '2024-11-21 13:10:40', NULL),
(73, '1688', NULL, NULL, 'IGNACIO LUIS', 5, NULL, '', NULL, NULL, NULL, NULL, NULL, 1, '10', '1010', '101019', 'JUJUY', 'DR. MANUEL BELGRANO', 'SAN SALVADOR DE JUJUY', '2024-11-21 13:10:40', '2024-11-21 13:10:40', NULL),
(74, '6', NULL, NULL, 'JAVIER CARNICERIA', 5, NULL, '3886828036', NULL, NULL, NULL, NULL, 'BARRIO MALVINAS', 1, '10', '1010', '101019', 'JUJUY', 'DR. MANUEL BELGRANO', 'SAN SALVADOR DE JUJUY', '2024-11-21 13:10:40', '2024-11-21 13:10:40', NULL),
(75, '145', NULL, NULL, 'JAVIER SAJAMA', 5, NULL, '3883387519', NULL, NULL, NULL, NULL, 'CALLE SAJAMA', 1, '10', '1010', '101019', 'JUJUY', 'DR. MANUEL BELGRANO', 'SAN SALVADOR DE JUJUY', '2024-11-21 13:10:40', '2024-11-21 13:10:40', NULL),
(76, '1690', NULL, NULL, 'JORGE VARGAS', 5, NULL, '', NULL, NULL, NULL, NULL, 'MZ25 LOTE 17 BªTUPAK 2DA ETAPA', 1, '10', '1010', '101019', 'JUJUY', 'DR. MANUEL BELGRANO', 'SAN SALVADOR DE JUJUY', '2024-11-21 13:10:40', '2024-11-21 13:10:40', NULL),
(77, '765', NULL, NULL, 'JUJUY - COD POSTAL', 5, NULL, '3885792589', NULL, NULL, NULL, NULL, 'EXODO Y CHAÑI ', 1, '10', '1010', '101019', 'JUJUY', 'DR. MANUEL BELGRANO', 'SAN SALVADOR DE JUJUY', '2024-11-21 13:10:40', '2024-11-21 13:10:40', NULL),
(78, '1010', NULL, NULL, 'JUJUY - POLL ELI', 5, NULL, '3885136794', NULL, NULL, NULL, NULL, 'AV CARAHUASI A.COMEDERO', 1, '10', '1010', '101019', 'JUJUY', 'DR. MANUEL BELGRANO', 'SAN SALVADOR DE JUJUY', '2024-11-21 13:10:40', '2024-11-21 13:10:40', NULL),
(79, '1247', NULL, NULL, 'JULIA FLORES', 5, NULL, '', NULL, NULL, NULL, NULL, 'PUNTA DIAMANTE', 1, '10', '1010', '101019', 'JUJUY', 'DR. MANUEL BELGRANO', 'SAN SALVADOR DE JUJUY', '2024-11-21 13:10:40', '2024-11-21 13:10:40', NULL),
(80, '669', NULL, NULL, 'JULIANA EMP', 5, NULL, '', NULL, NULL, NULL, NULL, 'B3 ALTO COMEDERO', 1, '10', '1010', '101019', 'JUJUY', 'DR. MANUEL BELGRANO', 'SAN SALVADOR DE JUJUY', '2024-11-21 13:10:40', '2024-11-21 13:10:40', NULL),
(81, '172', NULL, NULL, 'KARINA EMPANADERA', 5, NULL, '3884878833', NULL, NULL, NULL, NULL, 'CORRIENTES ', 1, '10', '1010', '101019', 'JUJUY', 'DR. MANUEL BELGRANO', 'SAN SALVADOR DE JUJUY', '2024-11-21 13:10:40', '2024-11-21 13:10:40', NULL),
(82, '42', NULL, NULL, 'LA CASERITA ROTISERIA', 5, NULL, '3884660183', NULL, NULL, NULL, NULL, 'AV PUEYRREDON ', 1, '10', '1010', '101019', 'JUJUY', 'DR. MANUEL BELGRANO', 'SAN SALVADOR DE JUJUY', '2024-11-21 13:10:40', '2024-11-21 13:10:40', NULL),
(83, '338', NULL, NULL, 'LA CHAYA DEL CUMPITA', 5, NULL, '3885179175', NULL, NULL, NULL, NULL, 'CUYAYA ', 1, '10', '1010', '101019', 'JUJUY', 'DR. MANUEL BELGRANO', 'SAN SALVADOR DE JUJUY', '2024-11-21 13:10:40', '2024-11-21 13:10:40', NULL),
(84, '22', NULL, NULL, 'LA TIA', 5, NULL, '3884863350', NULL, NULL, NULL, NULL, 'CALLE SAN MARTIN', 1, '10', '1010', '101019', 'JUJUY', 'DR. MANUEL BELGRANO', 'SAN SALVADOR DE JUJUY', '2024-11-21 13:10:40', '2024-11-21 13:10:40', NULL),
(85, '343', NULL, NULL, 'LA VENTANITA RESTAURANT', 5, NULL, '3884571991', NULL, NULL, NULL, NULL, NULL, 1, '10', '1010', '101019', 'JUJUY', 'DR. MANUEL BELGRANO', 'SAN SALVADOR DE JUJUY', '2024-11-21 13:10:40', '2024-11-21 13:10:40', NULL),
(86, '23', NULL, NULL, 'LAMAS ( REYES )', 5, NULL, '', NULL, NULL, NULL, NULL, 'SAN PABLO DE REYES', 1, '10', '1010', '101019', 'JUJUY', 'DR. MANUEL BELGRANO', 'SAN SALVADOR DE JUJUY', '2024-11-21 13:10:40', '2024-11-21 13:10:40', NULL),
(87, '944', NULL, NULL, 'LAURA TUPAC', 5, NULL, '3884326787', NULL, NULL, NULL, NULL, 'Bº TUPAC', 1, '10', '1010', '101019', 'JUJUY', 'DR. MANUEL BELGRANO', 'SAN SALVADOR DE JUJUY', '2024-11-21 13:10:40', '2024-11-21 13:10:40', NULL),
(88, '337', NULL, NULL, 'LIDIA COMEDOR', 5, NULL, '3884681080', NULL, NULL, NULL, NULL, NULL, 1, '10', '1010', '101019', 'JUJUY', 'DR. MANUEL BELGRANO', 'SAN SALVADOR DE JUJUY', '2024-11-21 13:10:40', '2024-11-21 13:10:40', NULL),
(89, '623', NULL, NULL, 'LILIANA  - TUPAC', 5, NULL, '3884327777', NULL, NULL, NULL, NULL, 'Bº TUPAC', 1, '10', '1010', '101019', 'JUJUY', 'DR. MANUEL BELGRANO', 'SAN SALVADOR DE JUJUY', '2024-11-21 13:10:40', '2024-11-21 13:10:40', NULL),
(90, '51', NULL, NULL, 'LOURDES - ROTISERIA', 5, NULL, '', NULL, NULL, NULL, NULL, NULL, 1, '10', '1010', '101019', 'JUJUY', 'DR. MANUEL BELGRANO', 'SAN SALVADOR DE JUJUY', '2024-11-21 13:10:40', '2024-11-21 13:10:40', NULL),
(91, '561', NULL, NULL, 'MAGUI CHEGUEVARA', 5, NULL, '3885106325', NULL, NULL, NULL, NULL, 'ALTO COMEDRO', 1, '10', '1010', '101019', 'JUJUY', 'DR. MANUEL BELGRANO', 'SAN SALVADOR DE JUJUY', '2024-11-21 13:10:40', '2024-11-21 13:10:40', NULL),
(92, '1216', NULL, NULL, 'MARCELO POLL ITATI', 5, NULL, '3885818591', NULL, NULL, NULL, NULL, 'REYES ', 1, '10', '1010', '101019', 'JUJUY', 'DR. MANUEL BELGRANO', 'SAN SALVADOR DE JUJUY', '2024-11-21 13:10:40', '2024-11-21 13:10:40', NULL),
(93, '1869', NULL, NULL, 'MARCELO TORRES', 5, NULL, '3885048925', NULL, NULL, NULL, NULL, 'Bº REYES AVJORGE CAFRUNE', 1, '10', '1010', '101019', 'JUJUY', 'DR. MANUEL BELGRANO', 'SAN SALVADOR DE JUJUY', '2024-11-21 13:10:40', '2024-11-21 13:10:40', NULL),
(94, '1382', NULL, NULL, 'MARCOS LAS TIPAS', 5, NULL, '3885271432', NULL, NULL, NULL, NULL, 'PALPALA Bº LAS TIPAS', 1, '10', '1010', '101019', 'JUJUY', 'DR. MANUEL BELGRANO', 'SAN SALVADOR DE JUJUY', '2024-11-21 13:10:40', '2024-11-21 13:10:40', NULL),
(95, '1323', NULL, NULL, 'MARIANA - DESP EL NACHO', 5, NULL, '', NULL, NULL, NULL, NULL, 'ALTO COMEDERO 30 HECT', 1, '10', '1010', '101019', 'JUJUY', 'DR. MANUEL BELGRANO', 'SAN SALVADOR DE JUJUY', '2024-11-21 13:10:40', '2024-11-21 13:10:40', NULL),
(96, '605', NULL, NULL, 'MARQUEZ GLADIS', 5, NULL, '3884670952', NULL, NULL, NULL, NULL, 'AV FORESTAL ALTO COM.', 1, '10', '1010', '101019', 'JUJUY', 'DR. MANUEL BELGRANO', 'SAN SALVADOR DE JUJUY', '2024-11-21 13:10:40', '2024-11-21 13:10:40', NULL),
(97, '637', NULL, NULL, 'MARTINEZ SPIEDO FORESTAL', 5, NULL, '', NULL, NULL, NULL, NULL, 'AV FORESTAL', 1, '10', '1010', '101019', 'JUJUY', 'DR. MANUEL BELGRANO', 'SAN SALVADOR DE JUJUY', '2024-11-21 13:10:40', '2024-11-21 13:10:40', NULL),
(98, '342', NULL, NULL, 'MATEO COMEDOR', 5, NULL, '3884648664', NULL, NULL, NULL, NULL, NULL, 1, '10', '1010', '101019', 'JUJUY', 'DR. MANUEL BELGRANO', 'SAN SALVADOR DE JUJUY', '2024-11-21 13:10:40', '2024-11-21 13:10:40', NULL),
(99, '902', NULL, NULL, 'MATUKERO PARRILLA', 5, NULL, '', NULL, NULL, NULL, NULL, 'TUPAC AMARU', 1, '10', '1010', '101019', 'JUJUY', 'DR. MANUEL BELGRANO', 'SAN SALVADOR DE JUJUY', '2024-11-21 13:10:40', '2024-11-21 13:10:40', NULL),
(100, '43', NULL, NULL, 'MINI MARKET', 5, NULL, '', NULL, NULL, NULL, NULL, NULL, 1, '10', '1010', '101019', 'JUJUY', 'DR. MANUEL BELGRANO', 'SAN SALVADOR DE JUJUY', '2024-11-21 13:10:40', '2024-11-21 13:10:40', NULL),
(101, '657', NULL, NULL, 'MINI MERCADITO ALE', 5, NULL, '', NULL, NULL, NULL, NULL, '30 HTAS', 1, '10', '1010', '101019', 'JUJUY', 'DR. MANUEL BELGRANO', 'SAN SALVADOR DE JUJUY', '2024-11-21 13:10:40', '2024-11-21 13:10:40', NULL),
(102, '1868', NULL, NULL, 'MINI MERCADO ESPERANZA', 5, NULL, '3884645605', NULL, NULL, NULL, NULL, 'Bº HUAICO AV BOLIVIA', 1, '10', '1010', '101019', 'JUJUY', 'DR. MANUEL BELGRANO', 'SAN SALVADOR DE JUJUY', '2024-11-21 13:10:40', '2024-11-21 13:10:40', NULL),
(103, '1242', NULL, NULL, 'MIRIAM CRUZ', 5, NULL, '', NULL, NULL, NULL, NULL, 'CUYAYA', 1, '10', '1010', '101019', 'JUJUY', 'DR. MANUEL BELGRANO', 'SAN SALVADOR DE JUJUY', '2024-11-21 13:10:40', '2024-11-21 13:10:40', NULL),
(104, '29', NULL, NULL, 'MONCHITO - SANDWICHERIA', 5, NULL, '3883106741', NULL, NULL, NULL, NULL, 'CUYAYA', 1, '10', '1010', '101019', 'JUJUY', 'DR. MANUEL BELGRANO', 'SAN SALVADOR DE JUJUY', '2024-11-21 13:10:40', '2024-11-21 13:10:40', NULL),
(105, '816', NULL, NULL, 'MONICA Bº 1', 5, NULL, '', NULL, NULL, NULL, NULL, 'SECTOR B1', 1, '10', '1010', '101019', 'JUJUY', 'DR. MANUEL BELGRANO', 'SAN SALVADOR DE JUJUY', '2024-11-21 13:10:40', '2024-11-21 13:10:40', NULL),
(106, '737', 'HERNANDEZ', 'NELSA', 'NELSA HERNANDEZ', 5, NULL, '', NULL, NULL, NULL, NULL, 'CALLE ESCAYA', 1, '10', '1010', '101019', 'JUJUY', 'DR. MANUEL BELGRANO', 'SAN SALVADOR DE JUJUY', '2024-11-21 13:10:40', '2024-11-21 13:10:40', NULL),
(107, '14', 'CASIMIRO', 'OLGA ', 'OLGA CACIMIRO', 5, NULL, '3885849930', NULL, NULL, NULL, NULL, 'BARRIO MALVINAS', 1, '10', '1010', '101019', 'JUJUY', 'DR. MANUEL BELGRANO', 'SAN SALVADOR DE JUJUY', '2024-11-21 13:10:40', '2024-11-21 13:10:40', NULL),
(108, '1326', NULL, NULL, 'P - CARN EL CIERVITO', 5, NULL, '3884676666', NULL, NULL, NULL, NULL, 'MINA PAN DE AZUCAR', 1, '10', '1013', '101311', 'JUJUY', 'PALPALA', 'PALPALA', '2024-11-21 13:10:40', '2024-11-21 13:10:40', NULL),
(109, '1017', NULL, NULL, 'P - CARN GABRIEL 2', 5, NULL, '', NULL, NULL, NULL, NULL, 'PALPALA 18 DE NOV', 1, '10', '1013', '101311', 'JUJUY', 'PALPALA', 'PALPALA', '2024-11-21 13:10:40', '2024-11-21 13:10:40', NULL),
(110, '726', NULL, NULL, 'P - CARN KEVIN', 5, NULL, '3885969753', NULL, NULL, NULL, NULL, 'AV LIBERTAD', 1, '10', '1013', '101311', 'JUJUY', 'PALPALA', 'PALPALA', '2024-11-21 13:10:40', '2024-11-21 13:10:40', NULL),
(111, '888', 'ARGAÑARAZ', 'NELLY', 'P - CARNES ARGENTINAS', 6, NULL, '3884219700', NULL, NULL, NULL, '27-25798389-2', 'GDOR BUITRAGO 235, ', 1, '10', '1013', '101311', 'JUJUY', 'PALPALA', 'PALPALA', '2024-11-21 13:10:40', '2024-11-21 13:10:40', NULL),
(112, '889', NULL, NULL, 'P - COM VALENCIA EVELIN', 5, NULL, '', NULL, NULL, NULL, NULL, NULL, 1, '10', '1013', '101311', 'JUJUY', 'PALPALA', 'PALPALA', '2024-11-21 13:10:40', '2024-11-21 13:10:40', NULL),
(113, '1362', NULL, NULL, 'P - COM ZAPLA', 5, NULL, '3886136774', NULL, NULL, NULL, NULL, 'PALPALA', 1, '10', '1013', '101311', 'JUJUY', 'PALPALA', 'PALPALA', '2024-11-21 13:10:40', '2024-11-21 13:10:40', NULL),
(114, '1024', NULL, NULL, 'P - ELOISA PESEBRE', 5, NULL, '', NULL, NULL, NULL, NULL, 'SAN JOSE PALPALA', 1, '10', '1013', '101311', 'JUJUY', 'PALPALA', 'PALPALA', '2024-11-21 13:10:40', '2024-11-21 13:10:40', NULL),
(115, '1006', NULL, NULL, 'P - EMP LAS CHOLAS', 5, NULL, '3884309603', NULL, NULL, NULL, NULL, 'C 9 JULIO ', 1, '10', '1013', '101311', 'JUJUY', 'PALPALA', 'PALPALA', '2024-11-21 13:10:40', '2024-11-21 13:10:40', NULL),
(116, '1092', NULL, NULL, 'P - POLL URKUPIÑA', 5, NULL, '3885400510', NULL, NULL, NULL, NULL, 'AV PASO DE JAMA', 1, '10', '1013', '101311', 'JUJUY', 'PALPALA', 'PALPALA', '2024-11-21 13:10:40', '2024-11-27 18:38:30', NULL),
(117, '1225', NULL, NULL, 'P - FLIA CHILIGUAY', 5, NULL, '3885792467', NULL, NULL, NULL, NULL, NULL, 1, '10', '1013', '101311', 'JUJUY', 'PALPALA', 'PALPALA', '2024-11-21 13:10:40', '2024-11-21 13:10:40', NULL),
(118, '1410', NULL, NULL, 'P - GARCIA SUSANA', 5, NULL, '', NULL, NULL, NULL, NULL, 'AV LIBERTAD ', 1, '10', '1013', '101311', 'JUJUY', 'PALPALA', 'PALPALA', '2024-11-21 13:10:40', '2024-11-21 13:10:40', NULL),
(119, '1239', NULL, NULL, 'P - MARIA ANTARTIDA', 5, NULL, '3884144744', NULL, NULL, NULL, NULL, 'ANTARTIDA', 1, '10', '1013', '101311', 'JUJUY', 'PALPALA', 'PALPALA', '2024-11-21 13:10:40', '2024-11-21 13:10:40', NULL),
(120, '1023', NULL, NULL, 'P - NOE BALANZA', 5, NULL, '3885069725', NULL, NULL, NULL, NULL, 'RTV PARALELA ', 1, '10', '1013', '101311', 'JUJUY', 'PALPALA', 'PALPALA', '2024-11-21 13:10:40', '2024-11-21 13:10:40', NULL),
(121, '1336', NULL, NULL, 'P - PARRILLERO BRUNO LOPEZ', 5, NULL, '3885866730', NULL, NULL, NULL, NULL, 'PALPALA', 1, '10', '1013', '101311', 'JUJUY', 'PALPALA', 'PALPALA', '2024-11-21 13:10:40', '2024-11-21 13:10:40', NULL),
(122, '1281', NULL, NULL, 'P - POLL 2 D ABRIL', 5, NULL, '3883372595', NULL, NULL, NULL, NULL, '2 ABRIL LAS TIPAS', 1, '10', '1013', '101311', 'JUJUY', 'PALPALA', 'PALPALA', '2024-11-21 13:10:40', '2024-11-21 13:10:40', NULL),
(123, '341', NULL, NULL, 'P - POLL CARMEN', 5, NULL, '', NULL, NULL, NULL, NULL, 'Bº FLORIDA ', 1, '10', '1013', '101311', 'JUJUY', 'PALPALA', 'PALPALA', '2024-11-21 13:10:40', '2024-11-21 13:10:40', NULL),
(124, '275', NULL, NULL, 'P - POLL CLAUDIA SAN JOSE', 5, NULL, '', NULL, NULL, NULL, NULL, 'LEON ', 1, '10', '1013', '101311', 'JUJUY', 'PALPALA', 'PALPALA', '2024-11-21 13:10:40', '2024-11-21 13:10:40', NULL),
(125, '1001', NULL, NULL, 'P - REST LA ÑORTEÑITA', 5, NULL, '', NULL, NULL, NULL, NULL, 'INCAS ', 1, '10', '1013', '101311', 'JUJUY', 'PALPALA', 'PALPALA', '2024-11-21 13:10:40', '2024-11-21 13:10:40', NULL),
(126, '879', NULL, NULL, 'P- ANGELA ANTARTIDA', 5, NULL, '3884489119', NULL, NULL, NULL, NULL, NULL, 1, '10', '1013', '101311', 'JUJUY', 'PALPALA', 'PALPALA', '2024-11-21 13:10:40', '2024-11-21 13:10:40', NULL),
(127, '1139', NULL, NULL, 'P -ASOC ROCA VIVA', 5, NULL, '3885045101', NULL, NULL, NULL, NULL, 'PALPALA STA BARBARA', 1, '10', '1013', '101311', 'JUJUY', 'PALPALA', 'PALPALA', '2024-11-21 13:10:40', '2024-11-21 13:10:40', NULL),
(128, '880', NULL, NULL, 'P- BARLEY COMEDOR', 5, NULL, '', NULL, NULL, NULL, NULL, 'CERRADO', 1, '10', '1013', '101311', 'JUJUY', 'PALPALA', 'PALPALA', '2024-11-21 13:10:40', '2024-11-21 13:10:40', NULL),
(129, '873', NULL, NULL, 'P- CANAVIRI CLAUDIA', 5, NULL, '3885854686', NULL, NULL, NULL, NULL, NULL, 1, '10', '1013', '101311', 'JUJUY', 'PALPALA', 'PALPALA', '2024-11-21 13:10:40', '2024-11-21 13:10:40', NULL),
(130, '1100', NULL, NULL, 'P- CARN GABRIEL 1', 5, NULL, '3884797715', NULL, NULL, NULL, NULL, 'AV LIBERTAD PALPALA', 1, '10', '1013', '101311', 'JUJUY', 'PALPALA', 'PALPALA', '2024-11-21 13:10:40', '2024-11-21 13:10:40', NULL),
(131, '287', NULL, NULL, 'P- CARN VELAZQUEZ ARIEL', 5, NULL, '', NULL, NULL, NULL, NULL, 'AV PACHAMAMA ', 1, '10', '1013', '101311', 'JUJUY', 'PALPALA', 'PALPALA', '2024-11-21 13:10:40', '2024-11-21 13:10:40', NULL),
(132, '881', NULL, NULL, 'P- COCA', 5, NULL, '3885807012', NULL, NULL, NULL, NULL, NULL, 1, '10', '1013', '101311', 'JUJUY', 'PALPALA', 'PALPALA', '2024-11-21 13:10:40', '2024-11-21 13:10:40', NULL),
(133, '897', NULL, NULL, 'P- COMEDOR REMI', 5, NULL, '3884601814', NULL, NULL, NULL, NULL, NULL, 1, '10', '1013', '101311', 'JUJUY', 'PALPALA', 'PALPALA', '2024-11-21 13:10:40', '2024-11-21 13:10:40', NULL),
(134, '877', NULL, NULL, 'P- DESP L Y L', 5, NULL, '3883363849', NULL, NULL, NULL, NULL, NULL, 1, '10', '1013', '101311', 'JUJUY', 'PALPALA', 'PALPALA', '2024-11-21 13:10:40', '2024-11-21 13:10:40', NULL),
(135, '747', NULL, NULL, 'P- EDUARDO SAN JOSE', 5, NULL, '3884801062', NULL, NULL, NULL, NULL, 'SAN JOSE CALLE YAVI', 1, '10', '1013', '101311', 'JUJUY', 'PALPALA', 'PALPALA', '2024-11-21 13:10:40', '2024-11-21 13:10:40', NULL),
(136, '876', NULL, NULL, 'P- EMP. ESTER IRIARTE', 5, NULL, '3887400500', NULL, NULL, NULL, NULL, NULL, 1, '10', '1013', '101311', 'JUJUY', 'PALPALA', 'PALPALA', '2024-11-21 13:10:40', '2024-11-21 13:10:40', NULL),
(137, '998', NULL, NULL, 'P- ESTRADA ANA', 5, NULL, '', NULL, NULL, NULL, NULL, 'LA MERCED PALPALA', 1, '10', '1013', '101311', 'JUJUY', 'PALPALA', 'PALPALA', '2024-11-21 13:10:40', '2024-11-21 13:10:40', NULL),
(138, '997', NULL, NULL, 'P- GARCIA SILVIA', 5, NULL, '3884727657', NULL, NULL, NULL, NULL, 'BRASIL 37 Bº GUEMES ', 1, '10', '1013', '101311', 'JUJUY', 'PALPALA', 'PALPALA', '2024-11-21 13:10:40', '2024-11-21 13:10:40', NULL),
(139, '981', NULL, NULL, 'P- JULIA 18 DE NOV', 5, NULL, '', NULL, NULL, NULL, NULL, '45614', 1, '10', '1013', '101311', 'JUJUY', 'PALPALA', 'PALPALA', '2024-11-21 13:10:40', '2024-11-21 13:10:40', NULL),
(140, '336', NULL, NULL, 'P- MARI VEGA', 5, NULL, '3883354734', NULL, NULL, NULL, NULL, 'Bº FLORIDA ', 1, '10', '1013', '101311', 'JUJUY', 'PALPALA', 'PALPALA', '2024-11-21 13:10:40', '2024-11-21 13:10:40', NULL),
(141, '1034', 'CRUZ', 'HECTOR ARIEL', 'P- POLL  EL GORDITO', 7, NULL, '3885972923', NULL, NULL, NULL, '20-26675889-9', 'PALPALA AV LIBERTAD 155', 1, '10', '1013', '101311', 'JUJUY', 'PALPALA', 'PALPALA', '2024-11-21 13:10:40', '2024-11-21 13:10:40', NULL),
(142, '878', NULL, NULL, 'P- SULEMA POLLERIA', 5, NULL, '3885828333', NULL, NULL, NULL, NULL, 'AV. EL CONGRESO ', 1, '10', '1010', '101019', 'JUJUY', 'DR. MANUEL BELGRANO', 'SAN SALVADOR DE JUJUY', '2024-11-21 13:10:40', '2024-11-21 13:10:40', NULL),
(143, '1060', NULL, NULL, 'PALPALA - KEVIN EL NOGAL', 5, NULL, '3885969753', NULL, NULL, NULL, NULL, 'AV LIBERTAD', 1, '10', '1010', '101019', 'JUJUY', 'DR. MANUEL BELGRANO', 'SAN SALVADOR DE JUJUY', '2024-11-21 13:10:40', '2024-11-21 13:10:40', NULL),
(144, '1810', NULL, NULL, 'PALPALA -PARDO MARIA', 5, NULL, '3884349023', NULL, NULL, NULL, NULL, 'B MALVINA ALEMAN MZ 6 LOTE 10', 1, '10', '1010', '101019', 'JUJUY', 'DR. MANUEL BELGRANO', 'SAN SALVADOR DE JUJUY', '2024-11-21 13:10:40', '2024-11-21 13:10:40', NULL),
(145, '1071', NULL, NULL, 'PAME 150 HCT', 5, NULL, '', NULL, NULL, NULL, NULL, '150HECT', 1, '10', '1010', '101019', 'JUJUY', 'DR. MANUEL BELGRANO', 'SAN SALVADOR DE JUJUY', '2024-11-21 13:10:40', '2024-11-21 13:10:40', NULL),
(146, '684', NULL, NULL, 'PANTOJA BEATRIZ', 5, NULL, '', NULL, NULL, NULL, NULL, 'ALTO COMEDERO ', 1, '10', '1010', '101019', 'JUJUY', 'DR. MANUEL BELGRANO', 'SAN SALVADOR DE JUJUY', '2024-11-21 13:10:40', '2024-11-21 13:10:40', NULL),
(147, '1005', NULL, NULL, 'PATRICIA LAS PRIMAS', 5, NULL, '3886074534', NULL, NULL, NULL, NULL, 'AEREOCLUB', 1, '10', '1010', '101019', 'JUJUY', 'DR. MANUEL BELGRANO', 'SAN SALVADOR DE JUJUY', '2024-11-21 13:10:40', '2024-11-21 13:10:40', NULL),
(148, '1809', NULL, NULL, 'PATRICIA URZAGASTE', 5, NULL, '3884470954', NULL, NULL, NULL, NULL, 'HUAICO AV BOLIVIA', 1, '10', '1010', '101019', 'JUJUY', 'DR. MANUEL BELGRANO', 'SAN SALVADOR DE JUJUY', '2024-11-21 13:10:40', '2024-11-21 13:10:40', NULL),
(149, '1381', NULL, NULL, 'PENITENCIARIA FEDERAL', 5, NULL, '', NULL, NULL, NULL, NULL, NULL, 1, '10', '1010', '101019', 'JUJUY', 'DR. MANUEL BELGRANO', 'SAN SALVADOR DE JUJUY', '2024-11-21 13:10:40', '2024-11-21 13:10:40', NULL),
(150, '868', NULL, NULL, 'POLL FERREYRA', 5, NULL, '3885170693', NULL, NULL, NULL, NULL, 'PTE PERON Y EJR NORTE', 1, '10', '1010', '101019', 'JUJUY', 'DR. MANUEL BELGRANO', 'SAN SALVADOR DE JUJUY', '2024-11-21 13:10:40', '2024-11-21 13:10:40', NULL),
(151, '161', NULL, NULL, 'POLL MONI - REYES', 5, NULL, '3885753430', NULL, NULL, NULL, NULL, NULL, 1, '10', '1010', '101019', 'JUJUY', 'DR. MANUEL BELGRANO', 'SAN SALVADOR DE JUJUY', '2024-11-21 13:10:40', '2024-11-21 13:10:40', NULL),
(152, '930', NULL, NULL, 'POLL NICOL', 5, NULL, '3885757939', NULL, NULL, NULL, NULL, 'PTE PERON B CNEL ARIAS', 1, '10', '1010', '101019', 'JUJUY', 'DR. MANUEL BELGRANO', 'SAN SALVADOR DE JUJUY', '2024-11-21 13:10:40', '2024-11-21 13:10:40', NULL),
(153, '1327', NULL, NULL, 'POLL SILVIA', 5, NULL, '3884549516', NULL, NULL, NULL, NULL, 'AV LA QUIACA ', 1, '10', '1010', '101019', 'JUJUY', 'DR. MANUEL BELGRANO', 'SAN SALVADOR DE JUJUY', '2024-11-21 13:10:40', '2024-11-21 13:10:40', NULL),
(154, '1009', NULL, NULL, 'POLL TATIANA 30H', 5, NULL, '3883353797', NULL, NULL, NULL, NULL, '30HCTA', 1, '10', '1010', '101019', 'JUJUY', 'DR. MANUEL BELGRANO', 'SAN SALVADOR DE JUJUY', '2024-11-21 13:10:40', '2024-11-21 13:10:40', NULL),
(155, '1051', NULL, NULL, 'POLL YANINA', 5, NULL, '3885824070', NULL, NULL, NULL, NULL, 'TUPAC AMARU ', 1, '10', '1010', '101019', 'JUJUY', 'DR. MANUEL BELGRANO', 'SAN SALVADOR DE JUJUY', '2024-11-21 13:10:40', '2024-11-21 13:10:40', NULL),
(156, '1852', NULL, NULL, 'POLLERIA CANDELA', 5, NULL, '', NULL, NULL, NULL, NULL, 'BºREYES AV JORGE CAFRUNE', 1, '10', '1010', '101019', 'JUJUY', 'DR. MANUEL BELGRANO', 'SAN SALVADOR DE JUJUY', '2024-11-21 13:10:40', '2024-11-21 13:10:40', NULL),
(157, '1347', NULL, NULL, 'POLLERIA DANIELA', 5, NULL, '', NULL, NULL, NULL, NULL, 'MALVINAS', 1, '10', '1010', '101019', 'JUJUY', 'DR. MANUEL BELGRANO', 'SAN SALVADOR DE JUJUY', '2024-11-21 13:10:40', '2024-11-21 13:10:40', NULL),
(158, '887', NULL, NULL, 'POLLERIA ELVA', 5, NULL, '3884211474', NULL, NULL, NULL, NULL, NULL, 1, '10', '1010', '101019', 'JUJUY', 'DR. MANUEL BELGRANO', 'SAN SALVADOR DE JUJUY', '2024-11-21 13:10:40', '2024-11-21 13:10:40', NULL),
(159, '919', NULL, NULL, 'POLLERIA LA PETRONA', 5, NULL, '', NULL, NULL, NULL, NULL, 'TTE JORGE BONO ', 1, '10', '1010', '101019', 'JUJUY', 'DR. MANUEL BELGRANO', 'SAN SALVADOR DE JUJUY', '2024-11-21 13:10:41', '2024-11-21 13:10:41', NULL),
(160, '1090', NULL, NULL, 'POLLERIA MARDEL', 5, NULL, '', NULL, NULL, NULL, NULL, 'VALLE GRANDE ALTO COMEDERO', 1, '10', '1010', '101019', 'JUJUY', 'DR. MANUEL BELGRANO', 'SAN SALVADOR DE JUJUY', '2024-11-21 13:10:41', '2024-11-21 13:10:41', NULL),
(161, '636', NULL, NULL, 'POLLERIA MARIELA', 5, NULL, '3884592229', NULL, NULL, NULL, NULL, 'CARLOS GARDEL', 1, '10', '1010', '101019', 'JUJUY', 'DR. MANUEL BELGRANO', 'SAN SALVADOR DE JUJUY', '2024-11-21 13:10:41', '2024-11-21 13:10:41', NULL),
(162, '1103', NULL, NULL, 'POLLERIA PATO', 5, NULL, '', NULL, NULL, NULL, NULL, 'FLORIDA', 1, '10', '1010', '101019', 'JUJUY', 'DR. MANUEL BELGRANO', 'SAN SALVADOR DE JUJUY', '2024-11-21 13:10:41', '2024-11-21 13:10:41', NULL),
(163, '1885', NULL, NULL, 'POLLERIA REYES', 5, NULL, '3885753430', NULL, NULL, NULL, NULL, 'AV JORGE CAFRUNE', 1, '10', '1010', '101019', 'JUJUY', 'DR. MANUEL BELGRANO', 'SAN SALVADOR DE JUJUY', '2024-11-21 13:10:41', '2024-11-21 13:10:41', NULL),
(164, '749', NULL, NULL, 'POLLERIA ROMINA - EL MIRADOR', 5, NULL, '3883392448', NULL, NULL, NULL, NULL, 'INTERSINDICAL ', 1, '10', '1010', '101019', 'JUJUY', 'DR. MANUEL BELGRANO', 'SAN SALVADOR DE JUJUY', '2024-11-21 13:10:41', '2024-11-21 13:10:41', NULL),
(165, '843', NULL, NULL, 'PQUIA SGDO CORAZON DE JESUS', 5, NULL, '3885761957', NULL, NULL, NULL, NULL, 'PERU BARRIO MORENO', 1, '10', '1010', '101019', 'JUJUY', 'DR. MANUEL BELGRANO', 'SAN SALVADOR DE JUJUY', '2024-11-21 13:10:41', '2024-11-21 13:10:41', NULL),
(166, '896', NULL, NULL, 'P-RESTAURANT DOÑA PAULINA', 5, NULL, '3885702788', NULL, NULL, NULL, NULL, NULL, 1, '10', '1010', '101019', 'JUJUY', 'DR. MANUEL BELGRANO', 'SAN SALVADOR DE JUJUY', '2024-11-21 13:10:41', '2024-11-21 13:10:41', NULL),
(167, '872', 'GUANTAY', 'ROMINA', 'P-ROMINA GUANTAY', 5, NULL, '', NULL, NULL, NULL, NULL, NULL, 1, '10', '1010', '101019', 'JUJUY', 'DR. MANUEL BELGRANO', 'SAN SALVADOR DE JUJUY', '2024-11-21 13:10:41', '2024-11-21 13:10:41', NULL),
(168, '874', NULL, 'NICOL', 'P-ROTISERIA NICOL', 5, NULL, '3884864861', NULL, NULL, NULL, NULL, NULL, 1, '10', '1010', '101019', 'JUJUY', 'DR. MANUEL BELGRANO', 'SAN SALVADOR DE JUJUY', '2024-11-21 13:10:41', '2024-11-21 13:10:41', NULL),
(169, '1004', NULL, NULL, 'PUCHERO LOCO', 5, NULL, '', NULL, NULL, NULL, NULL, 'AV BOLIVIA', 1, '10', '1010', '101019', 'JUJUY', 'DR. MANUEL BELGRANO', 'SAN SALVADOR DE JUJUY', '2024-11-21 13:10:41', '2024-11-21 13:10:41', NULL),
(170, '166', 'CRUZ', 'REBECA', 'REBECA CRUZ', 5, NULL, '3885985030', NULL, NULL, NULL, NULL, 'VIEJA TERMINAL', 1, '10', '1010', '101019', 'JUJUY', 'DR. MANUEL BELGRANO', 'SAN SALVADOR DE JUJUY', '2024-11-21 13:10:41', '2024-11-21 13:10:41', NULL),
(171, '724', NULL, NULL, 'RENE RAUL', 5, NULL, '3883305942', NULL, NULL, NULL, NULL, 'AERO CLUB', 1, '10', '1010', '101019', 'JUJUY', 'DR. MANUEL BELGRANO', 'SAN SALVADOR DE JUJUY', '2024-11-21 13:10:41', '2024-11-21 13:10:41', NULL),
(172, '753', NULL, NULL, 'REST DOÑA CARMEN', 5, NULL, '', NULL, NULL, NULL, NULL, 'ALVEAR', 1, '10', '1010', '101019', 'JUJUY', 'DR. MANUEL BELGRANO', 'SAN SALVADOR DE JUJUY', '2024-11-21 13:10:41', '2024-11-21 13:10:41', NULL),
(173, '27', 'UGARTE', 'DELIA ', 'RESTAURANT EL EXODO', 6, NULL, '3884227793', NULL, NULL, NULL, '30-56587935-5', 'AV EL EXODO 190 ', 1, '10', '1010', '101019', 'JUJUY', 'DR. MANUEL BELGRANO', 'SAN SALVADOR DE JUJUY', '2024-11-21 13:10:41', '2024-11-21 13:10:41', NULL),
(174, '1115', NULL, NULL, 'RESTAURANT ISABEL', 5, NULL, '3885682593', NULL, NULL, NULL, NULL, 'LUJAN PUEYRREDON 753', 1, '10', '1010', '101019', 'JUJUY', 'DR. MANUEL BELGRANO', 'SAN SALVADOR DE JUJUY', '2024-11-21 13:10:41', '2024-11-21 13:10:41', NULL),
(175, '171', NULL, NULL, 'REYES -  JARA FEDERICO', 5, NULL, '3884158237', NULL, NULL, NULL, NULL, 'JORGE CAFRUNE', 1, '10', '1010', '101019', 'JUJUY', 'DR. MANUEL BELGRANO', 'SAN SALVADOR DE JUJUY', '2024-11-21 13:10:41', '2024-11-21 13:10:41', NULL),
(176, '340', NULL, NULL, 'REYES - POLL CANDELA', 5, NULL, '', NULL, NULL, NULL, NULL, 'AV REYES', 1, '10', '1010', '101019', 'JUJUY', 'DR. MANUEL BELGRANO', 'SAN SALVADOR DE JUJUY', '2024-11-21 13:10:41', '2024-11-21 13:10:41', NULL),
(177, '1949', NULL, NULL, 'REYES - POLL EDUARDO NIEVA', 5, NULL, '3886075063', NULL, NULL, NULL, NULL, 'COSTANERA Bª REYES ', 1, '10', '1010', '101019', 'JUJUY', 'DR. MANUEL BELGRANO', 'SAN SALVADOR DE JUJUY', '2024-11-21 13:10:41', '2024-11-21 13:10:41', NULL),
(178, '971', NULL, NULL, 'REYES -POLLERI Y MAS', 5, NULL, '', NULL, NULL, NULL, NULL, 'CNEL ARIAS RIO BAMBA', 1, '10', '1010', '101019', 'JUJUY', 'DR. MANUEL BELGRANO', 'SAN SALVADOR DE JUJUY', '2024-11-21 13:10:41', '2024-11-21 13:10:41', NULL),
(179, '640', 'STRAZZULLO', 'RICARDO', 'RICARDO STRAZZULLO', 5, NULL, '3885069862', NULL, NULL, NULL, NULL, 'EL CARMEN 661  A.GORRITI', 1, '10', '1010', '101019', 'JUJUY', 'DR. MANUEL BELGRANO', 'SAN SALVADOR DE JUJUY', '2024-11-21 13:10:41', '2024-11-21 13:10:41', NULL),
(180, '1275', NULL, 'ROBERTO', 'ROBERTO', 5, NULL, '3886047953', NULL, NULL, NULL, NULL, 'A.COM.AV LA QUIACA', 1, '10', '1010', '101019', 'JUJUY', 'DR. MANUEL BELGRANO', 'SAN SALVADOR DE JUJUY', '2024-11-21 13:10:41', '2024-11-21 13:10:41', NULL),
(181, '1212', NULL, 'RODOLFO', 'RODOLFO', 5, NULL, '', NULL, NULL, NULL, NULL, 'PAPA FRANCISCO', 1, '10', '1010', '101019', 'JUJUY', 'DR. MANUEL BELGRANO', 'SAN SALVADOR DE JUJUY', '2024-11-21 13:10:41', '2024-11-21 13:10:41', NULL),
(182, '1959', 'TEJERINA', 'ROLANDO', 'ROLANDO TEJERINA - REYES', 5, NULL, '3884732433', NULL, NULL, NULL, NULL, 'REYES', 1, '10', '1010', '101019', 'JUJUY', 'DR. MANUEL BELGRANO', 'SAN SALVADOR DE JUJUY', '2024-11-21 13:10:41', '2024-11-21 13:10:41', NULL),
(183, '17', NULL, NULL, 'ROSA ARANDA', 5, NULL, '3884570799', NULL, NULL, NULL, NULL, 'LAS HERAS ', 1, '10', '1010', '101019', 'JUJUY', 'DR. MANUEL BELGRANO', 'SAN SALVADOR DE JUJUY', '2024-11-21 13:10:41', '2024-11-21 13:10:41', NULL),
(184, '335', NULL, NULL, 'SABORES UNICOS EMP', 5, NULL, '', NULL, NULL, NULL, NULL, 'AV LA QUIACA', 1, '10', '1010', '101019', 'JUJUY', 'DR. MANUEL BELGRANO', 'SAN SALVADOR DE JUJUY', '2024-11-21 13:10:41', '2024-11-21 13:10:41', NULL),
(185, '1614', NULL, NULL, 'SANATORIO EL ROSARIO', 6, NULL, '3886851169', NULL, NULL, NULL, '33-70702624-9', 'BELGRANO Y ARGAÑARAS ', 1, '10', '1010', '101019', 'JUJUY', 'DR. MANUEL BELGRANO', 'SAN SALVADOR DE JUJUY', '2024-11-21 13:10:41', '2024-11-21 13:10:41', NULL),
(186, '1390', NULL, NULL, 'SAND. EL CORDOBES', 5, NULL, '', NULL, NULL, NULL, NULL, 'AV. MARINA VILTE B5', 1, '10', '1010', '101019', 'JUJUY', 'DR. MANUEL BELGRANO', 'SAN SALVADOR DE JUJUY', '2024-11-21 13:10:41', '2024-11-21 13:10:41', NULL),
(187, '1079', NULL, NULL, 'SANDRA - TUPAK', 5, NULL, '3883505577', NULL, NULL, NULL, NULL, 'TUPAK', 1, '10', '1010', '101019', 'JUJUY', 'DR. MANUEL BELGRANO', 'SAN SALVADOR DE JUJUY', '2024-11-21 13:10:41', '2024-11-21 13:10:41', NULL),
(188, '15', NULL, NULL, 'SARA POLLERIA', 5, NULL, '', NULL, NULL, NULL, NULL, 'CALLE ZENTA AZOPARDO', 1, '10', '1010', '101019', 'JUJUY', 'DR. MANUEL BELGRANO', 'SAN SALVADOR DE JUJUY', '2024-11-21 13:10:41', '2024-11-21 13:10:41', NULL),
(189, '991', NULL, NULL, 'TASTACA LILIANA', 5, NULL, '', NULL, NULL, NULL, NULL, 'CAMPO VERDE', 1, '10', '1010', '101019', 'JUJUY', 'DR. MANUEL BELGRANO', 'SAN SALVADOR DE JUJUY', '2024-11-21 13:10:41', '2024-11-21 13:10:41', NULL),
(190, '1352', NULL, NULL, 'TERESITA CAUCOTA', 5, NULL, '3885213846', NULL, NULL, NULL, NULL, 'AV VALLE GRANDE A.COMED.', 1, '10', '1010', '101019', 'JUJUY', 'DR. MANUEL BELGRANO', 'SAN SALVADOR DE JUJUY', '2024-11-21 13:10:41', '2024-11-21 13:10:41', NULL),
(191, '142', NULL, NULL, 'TODO COCIDO', 5, NULL, '', NULL, NULL, NULL, NULL, 'ALTE BROWN ', 1, '10', '1010', '101019', 'JUJUY', 'DR. MANUEL BELGRANO', 'SAN SALVADOR DE JUJUY', '2024-11-21 13:10:41', '2024-11-21 13:10:41', NULL),
(192, '25', NULL, NULL, 'VIRGEN DEL VALLE POLLERIA', 5, NULL, '3885210885', NULL, NULL, NULL, NULL, 'LIBERTAD', 1, '10', '1010', '101019', 'JUJUY', 'DR. MANUEL BELGRANO', 'SAN SALVADOR DE JUJUY', '2024-11-21 13:10:41', '2024-11-21 13:10:41', NULL),
(193, '31', 'ORTEGA', 'VIVIANA', 'VIVIANA ORTEGA', 5, NULL, '3885168013', NULL, NULL, NULL, NULL, 'GORRITI Y URDIDINEA', 1, '10', '1010', '101019', 'JUJUY', 'DR. MANUEL BELGRANO', 'SAN SALVADOR DE JUJUY', '2024-11-21 13:10:41', '2024-11-21 13:10:41', NULL),
(194, '1211', NULL, NULL, 'YANINA FERIA', 5, NULL, '3883295513', NULL, NULL, NULL, NULL, 'ALTO COMEDERO', 1, '10', '1010', '101019', 'JUJUY', 'DR. MANUEL BELGRANO', 'SAN SALVADOR DE JUJUY', '2024-11-21 13:10:41', '2024-11-21 13:10:41', NULL),
(195, '37', NULL, NULL, 'YOLI - COMEDOR', 5, NULL, '3885766827', NULL, NULL, NULL, NULL, 'VALPARAISO 197', 1, '10', '1010', '101019', 'JUJUY', 'DR. MANUEL BELGRANO', 'SAN SALVADOR DE JUJUY', '2024-11-21 13:10:41', '2024-11-21 13:10:41', NULL),
(196, '787', NULL, NULL, 'A MICA  - 7 MINUTOS', 5, NULL, '3884074236', NULL, NULL, NULL, NULL, 'DORREGO ESQ ESCOL ZEGADA', 1, '10', '1010', '101019', 'JUJUY', 'DR. MANUEL BELGRANO', 'SAN SALVADOR DE JUJUY', '2024-11-22 13:16:01', '2024-11-22 13:16:01', NULL),
(197, '2089', NULL, NULL, 'A MICA -  BLANCO Y NEGRO', 5, NULL, '3885204804', NULL, NULL, NULL, NULL, 'JORGE NEWBERY ', 1, '10', '1010', '101019', 'JUJUY', 'DR. MANUEL BELGRANO', 'SAN SALVADOR DE JUJUY', '2024-11-22 13:16:01', '2024-11-22 13:16:01', NULL),
(198, '2108', NULL, NULL, 'A MICA -  DESP Y POLL NICO', 5, NULL, '3885019536', NULL, NULL, NULL, NULL, NULL, 1, '10', '1010', '101019', 'JUJUY', 'DR. MANUEL BELGRANO', 'SAN SALVADOR DE JUJUY', '2024-11-22 13:16:01', '2024-11-22 13:16:01', NULL),
(199, '33', NULL, NULL, 'A MICA - BOCA LLENA', 5, '3886104385', '3884096190', NULL, NULL, NULL, NULL, 'PATRICIAS ARGENTINA', 1, '10', '1010', '101019', 'JUJUY', 'DR. MANUEL BELGRANO', 'SAN SALVADOR DE JUJUY', '2024-11-22 13:16:01', '2024-11-22 13:16:01', NULL),
(200, '2071', NULL, NULL, 'A MICA - BURGOS TOMAS (MICA)', 5, NULL, '3884658964', NULL, NULL, NULL, NULL, 'STGO ESTERO ', 1, '10', '1010', '101019', 'JUJUY', 'DR. MANUEL BELGRANO', 'SAN SALVADOR DE JUJUY', '2024-11-22 13:16:01', '2024-11-22 13:16:01', NULL),
(201, '2106', NULL, NULL, 'A MICA - CAN CAFE RESTO BAR', 5, NULL, '3885907032', NULL, NULL, NULL, NULL, 'ALVEAR', 1, '10', '1010', '101019', 'JUJUY', 'DR. MANUEL BELGRANO', 'SAN SALVADOR DE JUJUY', '2024-11-22 13:16:01', '2024-11-22 13:16:01', NULL),
(202, '2100', NULL, NULL, 'A MICA - EMP MARTINA', 5, NULL, '3885036685', NULL, NULL, NULL, NULL, 'PTE PERON ', 1, '10', '1010', '101019', 'JUJUY', 'DR. MANUEL BELGRANO', 'SAN SALVADOR DE JUJUY', '2024-11-22 13:16:01', '2024-11-22 13:16:01', NULL),
(203, '674', NULL, NULL, 'A MICA - MUSINA MARCELA', 5, NULL, '3884755942', NULL, NULL, NULL, NULL, 'SAN MARTIN Y BUSTAMENTE', 1, '10', '1010', '101019', 'JUJUY', 'DR. MANUEL BELGRANO', 'SAN SALVADOR DE JUJUY', '2024-11-22 13:16:01', '2024-11-22 13:16:01', NULL),
(204, '1253', NULL, NULL, 'A MICA - PAN DE AZUCAR', 5, NULL, '3885727878', NULL, NULL, NULL, NULL, 'SENADOR PEREZ ESQ SAN MARTIN', 1, '10', '1010', '101019', 'JUJUY', 'DR. MANUEL BELGRANO', 'SAN SALVADOR DE JUJUY', '2024-11-22 13:16:01', '2024-11-22 13:16:01', NULL),
(205, '2088', NULL, NULL, 'A MICA - PANCHAMAMA', 5, NULL, '3884786245', NULL, NULL, NULL, NULL, 'HIPOLITO IRIGOYEN ', 1, '10', '1010', '101019', 'JUJUY', 'DR. MANUEL BELGRANO', 'SAN SALVADOR DE JUJUY', '2024-11-22 13:16:01', '2024-11-22 13:16:01', NULL),
(206, '2104', NULL, NULL, 'A MICA - POLL MABY', 5, NULL, '3885016302', NULL, NULL, NULL, NULL, 'EVA PERON ', 1, '10', '1010', '101019', 'JUJUY', 'DR. MANUEL BELGRANO', 'SAN SALVADOR DE JUJUY', '2024-11-22 13:16:01', '2024-11-22 13:16:01', NULL),
(207, '2061', NULL, NULL, 'A MICA -CARLO CHOQUE - LA FRONTERA', 5, NULL, '3883122275', NULL, NULL, NULL, NULL, 'ESC ZEGADA  ', 1, '10', '1010', '101019', 'JUJUY', 'DR. MANUEL BELGRANO', 'SAN SALVADOR DE JUJUY', '2024-11-22 13:16:01', '2024-11-22 13:16:01', NULL),
(208, '2074', NULL, NULL, 'A MICA -CENTENO MARIA R - EMPANADER', 5, NULL, '', NULL, NULL, NULL, NULL, '3888405217 EXODO Y CAMPERO', 1, '10', '1010', '101019', 'JUJUY', 'DR. MANUEL BELGRANO', 'SAN SALVADOR DE JUJUY', '2024-11-22 13:16:01', '2024-11-22 13:16:01', NULL);
INSERT INTO `clients` (`id`, `code`, `surname`, `name`, `razon_social`, `client_segment_id`, `phone`, `celular`, `email`, `type_document`, `n_document`, `cuit`, `address`, `state`, `ubigeo_provincia`, `ubigeo_departamento`, `ubigeo_localidad`, `provincia`, `departamento`, `localidad`, `created_at`, `updated_at`, `deleted_at`) VALUES
(209, '2056', NULL, NULL, 'A MICA -CONSUMIDOR FINAL MICAELA', 5, NULL, '', NULL, NULL, NULL, NULL, NULL, 1, '10', '1010', '101019', 'JUJUY', 'DR. MANUEL BELGRANO', 'SAN SALVADOR DE JUJUY', '2024-11-22 13:16:01', '2024-11-22 13:16:01', NULL),
(210, '2073', NULL, NULL, 'A MICA -CRUZ PRIMITIVO - AVIC POLL', 5, NULL, '', NULL, NULL, NULL, NULL, 'PATROCIAS ARG  4211223', 1, '10', '1010', '101019', 'JUJUY', 'DR. MANUEL BELGRANO', 'SAN SALVADOR DE JUJUY', '2024-11-22 13:16:01', '2024-11-22 13:16:01', NULL),
(211, '2075', NULL, NULL, 'A MICA -HECTOR BURGOS  -', 5, NULL, '3885126146', NULL, NULL, NULL, NULL, 'ESCOLASTICO ZEGADA ', 1, '10', '1010', '101019', 'JUJUY', 'DR. MANUEL BELGRANO', 'SAN SALVADOR DE JUJUY', '2024-11-22 13:16:01', '2024-11-22 13:16:01', NULL),
(212, '2083', NULL, NULL, 'A MICA -MONARCA ALVEAR (MICA)', 5, NULL, '3884032253', NULL, NULL, NULL, NULL, 'ALVEAR ', 1, '10', '1010', '101019', 'JUJUY', 'DR. MANUEL BELGRANO', 'SAN SALVADOR DE JUJUY', '2024-11-22 13:16:01', '2024-11-22 13:16:01', NULL),
(213, '2078', NULL, NULL, 'A MICA -PUESTA DEL SOL - ANA M QUIS', 5, NULL, '3884072311', NULL, NULL, NULL, NULL, 'DORREGO ', 1, '10', '1010', '101019', 'JUJUY', 'DR. MANUEL BELGRANO', 'SAN SALVADOR DE JUJUY', '2024-11-22 13:16:01', '2024-11-22 13:16:01', NULL),
(214, '2079', NULL, NULL, 'A MICA -REST URKUPIÑA 2 (MICA)', 5, NULL, '3884044946', NULL, NULL, NULL, NULL, 'COMANDANTE DE LACORTE', 1, '10', '1010', '101019', 'JUJUY', 'DR. MANUEL BELGRANO', 'SAN SALVADOR DE JUJUY', '2024-11-22 13:16:01', '2024-11-22 13:16:01', NULL),
(215, '2060', NULL, NULL, 'A MICA-JOSE LUIS MENDEZ - REST AGUI', 5, NULL, '3885982402', NULL, NULL, NULL, NULL, 'ALVEAR ', 1, '10', '1010', '101019', 'JUJUY', 'DR. MANUEL BELGRANO', 'SAN SALVADOR DE JUJUY', '2024-11-22 13:16:01', '2024-11-22 13:16:01', NULL),
(216, '2059', NULL, NULL, 'A MICA-JUAN CARLOS ESTRADA - BUENOS', 5, NULL, '3885405033', NULL, NULL, NULL, NULL, 'BUSTAMANTE ', 1, '10', '1010', '101019', 'JUJUY', 'DR. MANUEL BELGRANO', 'SAN SALVADOR DE JUJUY', '2024-11-22 13:16:01', '2024-11-22 13:16:01', NULL),
(217, '30', NULL, NULL, 'MICAELA EMPANADERA', 5, NULL, '3884107179', NULL, NULL, NULL, NULL, 'CHIJRA CORCOVA 151', 1, '10', '1010', '101019', 'JUJUY', 'DR. MANUEL BELGRANO', 'SAN SALVADOR DE JUJUY', '2024-11-22 13:16:01', '2024-11-22 13:16:01', NULL),
(218, '1442', NULL, NULL, 'RAQUEL FARFAN', 5, NULL, '3884355521', NULL, NULL, NULL, NULL, 'CUYAYA SANTE FE 1617', 1, '10', '1010', '101019', 'JUJUY', 'DR. MANUEL BELGRANO', 'SAN SALVADOR DE JUJUY', '2024-11-22 13:16:01', '2024-11-22 13:16:01', NULL);

-- --------------------------------------------------------

--
-- Estructura de tabla para la tabla `client_segments`
--

CREATE TABLE `client_segments` (
  `id` bigint(20) UNSIGNED NOT NULL,
  `name` varchar(250) NOT NULL,
  `state` tinyint(1) UNSIGNED NOT NULL DEFAULT '1',
  `created_at` timestamp NULL DEFAULT NULL,
  `updated_at` timestamp NULL DEFAULT NULL,
  `deleted_at` timestamp NULL DEFAULT NULL
) ENGINE=InnoDB DEFAULT CHARSET=utf8mb4;

--
-- Volcado de datos para la tabla `client_segments`
--

INSERT INTO `client_segments` (`id`, `name`, `state`, `created_at`, `updated_at`, `deleted_at`) VALUES
(5, 'CONSUMIDOR FINAL', 1, '2024-10-08 00:15:46', NULL, NULL),
(6, 'RESPONSABLE INSCRIPTO', 1, '2024-11-13 17:06:45', '2024-11-13 17:06:45', NULL),
(7, 'MONOTRIBUTISTA', 1, '2024-11-13 17:06:45', NULL, NULL);

-- --------------------------------------------------------

--
-- Estructura de tabla para la tabla `employee_functions`
--

CREATE TABLE `employee_functions` (
  `id` bigint(20) UNSIGNED NOT NULL,
  `name` varchar(100) NOT NULL,
  `state` tinyint(3) UNSIGNED NOT NULL DEFAULT '1',
  `created_at` timestamp NULL DEFAULT NULL,
  `updated_at` timestamp NULL DEFAULT NULL,
  `deleted_at` timestamp NULL DEFAULT NULL
) ENGINE=InnoDB DEFAULT CHARSET=utf8mb4;

--
-- Volcado de datos para la tabla `employee_functions`
--

INSERT INTO `employee_functions` (`id`, `name`, `state`, `created_at`, `updated_at`, `deleted_at`) VALUES
(1, 'REPARTIDOR', 1, '2024-11-14 00:07:41', '2024-11-14 00:07:41', NULL),
(2, 'VENDEDOR', 1, '2024-11-14 00:07:49', '2024-11-14 00:07:49', NULL),
(3, 'COBRADOR', 1, '2024-11-14 00:07:56', '2024-11-14 00:07:56', NULL),
(4, 'ADMINISTRATIVO', 1, '2024-11-14 00:08:04', '2024-11-14 00:08:04', NULL),
(5, 'CAJA', 1, '2024-11-14 00:08:11', '2024-11-14 00:08:11', NULL),
(6, 'CONTABLE', 1, '2024-11-14 00:08:20', '2024-11-14 00:08:20', NULL),
(7, 'LOGISTICA', 1, '2024-11-14 00:08:30', '2024-11-14 00:08:30', NULL),
(8, 'CAMARA', 1, '2024-11-14 00:08:35', '2024-11-14 00:08:35', NULL);

-- --------------------------------------------------------

--
-- Estructura de tabla para la tabla `empresas`
--

CREATE TABLE `empresas` (
  `id` bigint(20) UNSIGNED NOT NULL,
  `razon_social` varchar(255) NOT NULL,
  `cuit` varchar(255) NOT NULL,
  `created_at` timestamp NULL DEFAULT NULL,
  `updated_at` timestamp NULL DEFAULT NULL,
  `deleted_at` timestamp NULL DEFAULT NULL
) ENGINE=InnoDB DEFAULT CHARSET=utf8mb4;

--
-- Volcado de datos para la tabla `empresas`
--

INSERT INTO `empresas` (`id`, `razon_social`, `cuit`, `created_at`, `updated_at`, `deleted_at`) VALUES
(1, 'Pollería Torrejón Central', '20-25698896-2', NULL, NULL, NULL);

-- --------------------------------------------------------

--
-- Estructura de tabla para la tabla `failed_jobs`
--

CREATE TABLE `failed_jobs` (
  `id` bigint(20) UNSIGNED NOT NULL,
  `uuid` varchar(255) COLLATE utf8mb4_unicode_ci NOT NULL,
  `connection` text COLLATE utf8mb4_unicode_ci NOT NULL,
  `queue` text COLLATE utf8mb4_unicode_ci NOT NULL,
  `payload` longtext COLLATE utf8mb4_unicode_ci NOT NULL,
  `exception` longtext COLLATE utf8mb4_unicode_ci NOT NULL,
  `failed_at` timestamp NOT NULL DEFAULT CURRENT_TIMESTAMP
) ENGINE=InnoDB DEFAULT CHARSET=utf8mb4 COLLATE=utf8mb4_unicode_ci;

-- --------------------------------------------------------

--
-- Estructura de tabla para la tabla `migrations`
--

CREATE TABLE `migrations` (
  `id` int(10) UNSIGNED NOT NULL,
  `migration` varchar(255) COLLATE utf8mb4_unicode_ci NOT NULL,
  `batch` int(11) NOT NULL
) ENGINE=InnoDB DEFAULT CHARSET=utf8mb4 COLLATE=utf8mb4_unicode_ci;

--
-- Volcado de datos para la tabla `migrations`
--

INSERT INTO `migrations` (`id`, `migration`, `batch`) VALUES
(1, '2014_10_12_000000_create_users_table', 1),
(2, '2014_10_12_100000_create_password_reset_tokens_table', 1),
(3, '2019_08_19_000000_create_failed_jobs_table', 1),
(4, '2019_12_14_000001_create_personal_access_tokens_table', 1),
(5, '2024_09_22_223636_create_permission_tables', 1);

-- --------------------------------------------------------

--
-- Estructura de tabla para la tabla `model_has_permissions`
--

CREATE TABLE `model_has_permissions` (
  `permission_id` bigint(20) UNSIGNED NOT NULL,
  `model_type` varchar(255) COLLATE utf8mb4_unicode_ci NOT NULL,
  `model_id` bigint(20) UNSIGNED NOT NULL
) ENGINE=InnoDB DEFAULT CHARSET=utf8mb4 COLLATE=utf8mb4_unicode_ci;

-- --------------------------------------------------------

--
-- Estructura de tabla para la tabla `model_has_roles`
--

CREATE TABLE `model_has_roles` (
  `role_id` bigint(20) UNSIGNED NOT NULL,
  `model_type` varchar(255) COLLATE utf8mb4_unicode_ci NOT NULL,
  `model_id` bigint(20) UNSIGNED NOT NULL
) ENGINE=InnoDB DEFAULT CHARSET=utf8mb4 COLLATE=utf8mb4_unicode_ci;

--
-- Volcado de datos para la tabla `model_has_roles`
--

INSERT INTO `model_has_roles` (`role_id`, `model_type`, `model_id`) VALUES
(1, 'App\\Models\\User', 1),
(7, 'App\\Models\\User', 2),
(4, 'App\\Models\\User', 3),
(11, 'App\\Models\\User', 4),
(10, 'App\\Models\\User', 30),
(1, 'App\\Models\\User', 37),
(12, 'App\\Models\\User', 38),
(13, 'App\\Models\\User', 39),
(14, 'App\\Models\\User', 40),
(8, 'App\\Models\\User', 41),
(12, 'App\\Models\\User', 42),
(15, 'App\\Models\\User', 43),
(16, 'App\\Models\\User', 44),
(11, 'App\\Models\\User', 45),
(11, 'App\\Models\\User', 46),
(11, 'App\\Models\\User', 47),
(11, 'App\\Models\\User', 48),
(11, 'App\\Models\\User', 49),
(11, 'App\\Models\\User', 50),
(11, 'App\\Models\\User', 51),
(17, 'App\\Models\\User', 52),
(9, 'App\\Models\\User', 53),
(9, 'App\\Models\\User', 54);

-- --------------------------------------------------------

--
-- Estructura de tabla para la tabla `password_reset_tokens`
--

CREATE TABLE `password_reset_tokens` (
  `email` varchar(255) COLLATE utf8mb4_unicode_ci NOT NULL,
  `token` varchar(255) COLLATE utf8mb4_unicode_ci NOT NULL,
  `created_at` timestamp NULL DEFAULT NULL
) ENGINE=InnoDB DEFAULT CHARSET=utf8mb4 COLLATE=utf8mb4_unicode_ci;

-- --------------------------------------------------------

--
-- Estructura de tabla para la tabla `permissions`
--

CREATE TABLE `permissions` (
  `id` bigint(20) UNSIGNED NOT NULL,
  `name` varchar(255) COLLATE utf8mb4_unicode_ci NOT NULL,
  `guard_name` varchar(255) COLLATE utf8mb4_unicode_ci NOT NULL,
  `created_at` timestamp NULL DEFAULT NULL,
  `updated_at` timestamp NULL DEFAULT NULL
) ENGINE=InnoDB DEFAULT CHARSET=utf8mb4 COLLATE=utf8mb4_unicode_ci;

--
-- Volcado de datos para la tabla `permissions`
--

INSERT INTO `permissions` (`id`, `name`, `guard_name`, `created_at`, `updated_at`) VALUES
(1, 'register_role', 'api', '2024-10-14 22:39:05', '2024-10-14 22:39:05'),
(2, 'edit_role', 'api', '2024-10-14 22:39:05', '2024-10-14 22:39:05'),
(3, 'delete_role', 'api', '2024-10-14 22:39:05', '2024-10-14 22:39:05'),
(4, 'register_user', 'api', '2024-10-14 22:39:05', '2024-10-14 22:39:05'),
(5, 'edit_user', 'api', '2024-10-14 22:39:05', '2024-10-14 22:39:05'),
(6, 'delete_user', 'api', '2024-10-14 22:39:05', '2024-10-14 22:39:05'),
(7, 'register_product', 'api', '2024-10-14 22:39:05', '2024-10-14 22:39:05'),
(8, 'edit_product', 'api', '2024-10-14 22:39:05', '2024-10-14 22:39:05'),
(9, 'delete_product', 'api', '2024-10-14 22:39:05', '2024-10-14 22:39:05'),
(10, 'show_wallet_price_product', 'api', '2024-10-14 22:39:05', '2024-10-14 22:39:05'),
(11, 'register_wallet_price_product', 'api', '2024-10-14 22:39:05', '2024-10-14 22:39:05'),
(12, 'edit_wallet_price_product', 'api', '2024-10-14 22:39:05', '2024-10-14 22:39:05'),
(13, 'delete_wallet_price_product', 'api', '2024-10-14 22:39:05', '2024-10-14 22:39:05'),
(14, 'register_clientes', 'api', '2024-10-14 22:39:05', '2024-10-14 22:39:05'),
(15, 'edit_clientes', 'api', '2024-10-14 22:39:05', '2024-10-14 22:39:05'),
(16, 'delete_clientes', 'api', '2024-10-14 22:39:05', '2024-10-14 22:39:05'),
(17, 'valid_payments', 'api', '2024-10-14 22:39:05', '2024-10-14 22:39:05'),
(18, 'reports_caja', 'api', '2024-10-14 22:39:05', '2024-10-14 22:39:05'),
(19, 'record_contract_process', 'api', '2024-10-14 22:39:05', '2024-10-14 22:39:05'),
(20, 'egreso', 'api', '2024-10-14 22:39:05', '2024-10-14 22:39:05'),
(21, 'ingreso', 'api', '2024-10-14 22:39:05', '2024-10-14 22:39:05'),
(22, 'close_caja', 'api', '2024-10-14 22:39:05', '2024-10-14 22:39:05'),
(23, 'register_proforma', 'api', '2024-10-14 22:39:05', '2024-10-14 22:39:05'),
(24, 'edit_proforma', 'api', '2024-10-14 22:39:05', '2024-10-14 22:39:05'),
(25, 'delete_proforma', 'api', '2024-10-14 22:39:05', '2024-10-14 22:39:05'),
(26, 'cronograma', 'api', '2024-10-14 22:39:05', '2024-10-14 22:39:05'),
(27, 'comisiones', 'api', '2024-10-14 22:39:05', '2024-10-14 22:39:05'),
(28, 'register_compra', 'api', '2024-10-14 22:39:05', '2024-10-14 22:39:05'),
(29, 'edit_compra', 'api', '2024-10-14 22:39:05', '2024-10-14 22:39:05'),
(30, 'delete_compra', 'api', '2024-10-14 22:39:05', '2024-10-14 22:39:05'),
(31, 'register_transporte', 'api', '2024-10-14 22:39:05', '2024-10-14 22:39:05'),
(32, 'edit_transporte', 'api', '2024-10-14 22:39:05', '2024-10-14 22:39:05'),
(33, 'delete_transporte', 'api', '2024-10-14 22:39:05', '2024-10-14 22:39:05'),
(34, 'despacho', 'api', '2024-10-14 22:39:05', '2024-10-14 22:39:05'),
(35, 'movimientos', 'api', '2024-10-14 22:39:05', '2024-10-14 22:39:05'),
(36, 'kardex', 'api', '2024-10-14 22:39:05', '2024-10-14 22:39:05');

-- --------------------------------------------------------

--
-- Estructura de tabla para la tabla `personal_access_tokens`
--

CREATE TABLE `personal_access_tokens` (
  `id` bigint(20) UNSIGNED NOT NULL,
  `tokenable_type` varchar(255) COLLATE utf8mb4_unicode_ci NOT NULL,
  `tokenable_id` bigint(20) UNSIGNED NOT NULL,
  `name` varchar(255) COLLATE utf8mb4_unicode_ci NOT NULL,
  `token` varchar(64) COLLATE utf8mb4_unicode_ci NOT NULL,
  `abilities` text COLLATE utf8mb4_unicode_ci,
  `last_used_at` timestamp NULL DEFAULT NULL,
  `expires_at` timestamp NULL DEFAULT NULL,
  `created_at` timestamp NULL DEFAULT NULL,
  `updated_at` timestamp NULL DEFAULT NULL
) ENGINE=InnoDB DEFAULT CHARSET=utf8mb4 COLLATE=utf8mb4_unicode_ci;

-- --------------------------------------------------------

--
-- Estructura de tabla para la tabla `providers`
--

CREATE TABLE `providers` (
  `id` bigint(20) UNSIGNED NOT NULL,
  `code` varchar(50) NOT NULL,
  `surname` varchar(255) DEFAULT NULL,
  `name` varchar(255) DEFAULT NULL,
  `razon_social` varchar(255) DEFAULT NULL,
  `phone` varchar(25) DEFAULT NULL,
  `celular` varchar(25) DEFAULT NULL,
  `email` varchar(250) DEFAULT NULL,
  `n_document` varchar(8) DEFAULT NULL,
  `cuit` varchar(13) DEFAULT NULL,
  `address` varchar(250) DEFAULT NULL,
  `state` tinyint(1) UNSIGNED NOT NULL,
  `ubigeo_provincia` varchar(25) DEFAULT NULL,
  `ubigeo_departamento` varchar(25) DEFAULT NULL,
  `ubigeo_localidad` varchar(25) DEFAULT NULL,
  `provincia` varchar(100) DEFAULT NULL,
  `departamento` varchar(100) DEFAULT NULL,
  `localidad` varchar(100) DEFAULT NULL,
  `created_at` timestamp NULL DEFAULT NULL,
  `updated_at` timestamp NULL DEFAULT NULL,
  `deleted_at` timestamp NULL DEFAULT NULL
) ENGINE=InnoDB DEFAULT CHARSET=utf8mb4;

-- --------------------------------------------------------

--
-- Estructura de tabla para la tabla `roles`
--

CREATE TABLE `roles` (
  `id` bigint(20) UNSIGNED NOT NULL,
  `name` varchar(255) COLLATE utf8mb4_unicode_ci NOT NULL,
  `guard_name` varchar(255) COLLATE utf8mb4_unicode_ci NOT NULL,
  `created_at` timestamp NULL DEFAULT NULL,
  `updated_at` timestamp NULL DEFAULT NULL
) ENGINE=InnoDB DEFAULT CHARSET=utf8mb4 COLLATE=utf8mb4_unicode_ci;

--
-- Volcado de datos para la tabla `roles`
--

INSERT INTO `roles` (`id`, `name`, `guard_name`, `created_at`, `updated_at`) VALUES
(1, 'Super-Admin', 'api', '2024-10-14 22:39:05', '2024-10-14 22:39:05'),
(4, 'Repartidor', 'api', '2024-10-14 23:35:33', '2024-10-15 02:18:38'),
(5, 'Cobrador', 'api', '2024-10-14 23:36:03', '2024-11-20 16:42:41'),
(7, 'Caja', 'api', '2024-10-14 23:40:01', '2024-10-15 02:14:15'),
(8, 'Contable', 'api', '2024-10-14 23:43:06', '2024-10-14 23:43:06'),
(9, 'Logística', 'api', '2024-10-14 23:46:05', '2024-10-14 23:46:05'),
(10, 'Cámara', 'api', '2024-10-14 23:48:49', '2024-11-20 16:42:25'),
(11, 'Vendedor', 'api', '2024-10-15 02:20:37', '2024-10-15 02:20:51'),
(12, 'Tesoreria', 'api', '2024-11-19 17:49:22', '2024-11-20 16:42:09'),
(13, 'Recursos Humanos', 'api', '2024-11-19 17:50:32', '2024-11-19 17:50:32'),
(14, 'Gerente General', 'api', '2024-11-27 16:58:43', '2024-11-27 16:58:43'),
(15, 'Jefe de Mantenimiento', 'api', '2024-11-27 17:29:02', '2024-11-27 17:29:02'),
(16, 'E-comerce', 'api', '2024-11-27 17:32:49', '2024-11-27 17:32:49'),
(17, 'Jefe de Ventas', 'api', '2024-11-27 17:37:18', '2024-11-27 17:37:18');

-- --------------------------------------------------------

--
-- Estructura de tabla para la tabla `role_has_permissions`
--

CREATE TABLE `role_has_permissions` (
  `permission_id` bigint(20) UNSIGNED NOT NULL,
  `role_id` bigint(20) UNSIGNED NOT NULL
) ENGINE=InnoDB DEFAULT CHARSET=utf8mb4 COLLATE=utf8mb4_unicode_ci;

--
-- Volcado de datos para la tabla `role_has_permissions`
--

INSERT INTO `role_has_permissions` (`permission_id`, `role_id`) VALUES
(1, 4),
(2, 4),
(3, 4),
(27, 4),
(14, 5),
(15, 5),
(23, 5),
(24, 5),
(25, 5),
(27, 5),
(35, 5),
(17, 7),
(18, 7),
(19, 7),
(20, 7),
(21, 7),
(22, 7),
(1, 8),
(2, 8),
(4, 8),
(5, 8),
(7, 8),
(8, 8),
(9, 8),
(10, 8),
(11, 8),
(12, 8),
(13, 8),
(14, 8),
(15, 8),
(16, 8),
(17, 8),
(18, 8),
(19, 8),
(20, 8),
(21, 8),
(22, 8),
(23, 8),
(24, 8),
(27, 8),
(28, 8),
(29, 8),
(30, 8),
(35, 8),
(34, 9),
(34, 10),
(35, 10),
(36, 10),
(36, 11),
(7, 12),
(8, 12),
(10, 12),
(11, 12),
(12, 12),
(14, 12),
(15, 12),
(17, 12),
(18, 12),
(19, 12),
(20, 12),
(21, 12),
(22, 12),
(23, 12),
(24, 12),
(27, 12),
(28, 12),
(29, 12),
(35, 12),
(1, 13),
(2, 13),
(4, 13),
(10, 13),
(14, 13),
(15, 13),
(17, 13),
(18, 13),
(19, 13),
(20, 13),
(21, 13),
(22, 13),
(23, 13),
(24, 13),
(27, 13),
(35, 13),
(1, 14),
(2, 14),
(4, 14),
(5, 14),
(7, 14),
(8, 14),
(10, 14),
(11, 14),
(12, 14),
(14, 14),
(15, 14),
(18, 14),
(19, 14),
(20, 14),
(21, 14),
(22, 14),
(26, 14),
(28, 14),
(29, 14),
(31, 14),
(32, 14),
(34, 14),
(35, 14),
(1, 15),
(2, 15),
(4, 15),
(5, 15),
(7, 15),
(8, 15),
(10, 15),
(11, 15),
(12, 15),
(14, 15),
(15, 15),
(17, 15),
(18, 15),
(19, 15),
(23, 15),
(24, 15),
(26, 15),
(27, 15),
(28, 15),
(29, 15),
(31, 15),
(32, 15),
(34, 15),
(35, 15),
(10, 16),
(11, 16),
(12, 16),
(34, 16),
(35, 16),
(10, 17),
(14, 17),
(15, 17),
(26, 17),
(27, 17),
(31, 17),
(32, 17),
(34, 17),
(35, 17);

-- --------------------------------------------------------

--
-- Estructura de tabla para la tabla `sucursales`
--

CREATE TABLE `sucursales` (
  `id` bigint(20) UNSIGNED NOT NULL,
  `code` varchar(50) DEFAULT NULL,
  `nombre` varchar(255) NOT NULL,
  `direccion` varchar(255) DEFAULT NULL,
  `telefono` varchar(255) DEFAULT NULL,
  `celular` varchar(50) DEFAULT NULL,
  `email` varchar(100) DEFAULT NULL,
  `referencia` varchar(255) DEFAULT NULL,
  `ubigeo_provincia` varchar(25) DEFAULT NULL,
  `ubigeo_departamento` varchar(25) DEFAULT NULL,
  `ubigeo_localidad` varchar(25) DEFAULT NULL,
  `provincia` varchar(100) DEFAULT NULL,
  `departamento` varchar(100) DEFAULT NULL,
  `localidad` varchar(100) DEFAULT NULL,
  `client_id` bigint(20) UNSIGNED NOT NULL,
  `zona_id` bigint(20) UNSIGNED NOT NULL,
  `state` tinyint(1) NOT NULL,
  `created_at` datetime DEFAULT NULL,
  `updated_at` datetime DEFAULT NULL,
  `deleted_at` datetime DEFAULT NULL
) ENGINE=InnoDB DEFAULT CHARSET=utf8mb4;

-- --------------------------------------------------------

--
-- Estructura de tabla para la tabla `users`
--

CREATE TABLE `users` (
  `id` bigint(20) UNSIGNED NOT NULL,
  `name` varchar(255) COLLATE utf8mb4_unicode_ci NOT NULL,
  `surname` varchar(255) COLLATE utf8mb4_unicode_ci NOT NULL,
  `document` varchar(15) COLLATE utf8mb4_unicode_ci DEFAULT NULL,
  `email` varchar(255) COLLATE utf8mb4_unicode_ci NOT NULL,
  `email_verified_at` timestamp NULL DEFAULT NULL,
  `password` varchar(255) COLLATE utf8mb4_unicode_ci NOT NULL,
  `date_entry` timestamp NOT NULL DEFAULT '0000-00-00 00:00:00',
  `remember_token` varchar(100) COLLATE utf8mb4_unicode_ci DEFAULT NULL,
  `created_at` timestamp NULL DEFAULT NULL,
  `updated_at` timestamp NULL DEFAULT NULL,
  `deleted_at` timestamp NULL DEFAULT NULL,
  `is_user` tinyint(1) NOT NULL DEFAULT '0',
  `jobcode` varchar(15) COLLATE utf8mb4_unicode_ci DEFAULT NULL,
  `address` varchar(255) COLLATE utf8mb4_unicode_ci DEFAULT NULL,
  `phone` varchar(15) COLLATE utf8mb4_unicode_ci DEFAULT NULL,
  `cell` varchar(15) COLLATE utf8mb4_unicode_ci DEFAULT NULL,
  `code` bigint(20) UNSIGNED DEFAULT NULL COMMENT '\\\\n',
  `empresa_id` bigint(20) UNSIGNED NOT NULL DEFAULT '1',
  `role_id` bigint(20) UNSIGNED NOT NULL DEFAULT '11'
) ENGINE=InnoDB DEFAULT CHARSET=utf8mb4 COLLATE=utf8mb4_unicode_ci;

--
-- Volcado de datos para la tabla `users`
--

INSERT INTO `users` (`id`, `name`, `surname`, `document`, `email`, `email_verified_at`, `password`, `date_entry`, `remember_token`, `created_at`, `updated_at`, `deleted_at`, `is_user`, `jobcode`, `address`, `phone`, `cell`, `code`, `empresa_id`, `role_id`) VALUES
(1, 'Super Admin', 'Super Admin', NULL, 'super_admin_crm@gmail.com', '2024-10-10 23:09:45', '$2y$12$jRxOvk4D.1a2xG.zxmZ4yuUNOFDtBHhU95LgzUZlO9tPb6eESUwYK', '2024-10-10 03:00:00', 'JIOFg0Gc4V', '2024-10-10 23:09:45', '2024-11-12 16:59:03', NULL, 1, NULL, NULL, NULL, NULL, 1, 1, 1),
(39, 'Ana Lia', 'Arismendi', NULL, 'arismendian@avicolatorrejon.com', NULL, '$2y$12$DkXL00duBQRAmZPTRPlUc.FUIWTwdezv5jOEoyqWm5vE6YGcBih.W', '2024-11-01 03:00:00', NULL, '2024-11-27 16:57:10', '2024-11-27 16:57:10', NULL, 1, NULL, NULL, NULL, NULL, NULL, 1, 13),
(40, 'Marcelo', 'Torrejon', NULL, 'torrejon.m@gmail.com', NULL, '$2y$12$bSuqP9fPr7bG2YiamkMGGewt5PABEHtODtPEqNIB5D/y9qgDLvWAe', '2024-11-01 03:00:00', NULL, '2024-11-27 17:00:57', '2024-11-27 17:00:57', NULL, 1, NULL, NULL, NULL, NULL, NULL, 1, 14),
(41, 'Paola', 'Duran', NULL, 'contable.avicolatorrejonsrl@gmail.com', NULL, '$2y$12$s3xuEOjXXtvoEZNr2FlsHOsbzepYueB1kMBATQi3pICAaoHpXzCMm', '2024-11-01 03:00:00', NULL, '2024-11-27 17:12:52', '2024-11-27 17:12:52', NULL, 1, NULL, NULL, NULL, NULL, NULL, 1, 8),
(42, 'Yesica', 'Lima', NULL, 'yesica.lima32@gmail.com', NULL, '$2y$12$ukP.CnT924491s81U/FoLuJ8ZtiCutJ4B.O.3X6fAdA5C9Pw8M5US', '2024-11-01 03:00:00', NULL, '2024-11-27 17:16:14', '2024-11-27 17:16:14', NULL, 1, NULL, NULL, NULL, NULL, NULL, 1, 12),
(43, 'Ricardo', 'Tamer', NULL, 'informesavicola@gmail.com', NULL, '$2y$12$OY/HJcJnvKcwtDY3hqid7uIQLIojyFgEOhWrPitZb5N6Gmsm9TT8u', '2024-11-01 03:00:00', NULL, '2024-11-27 17:30:51', '2024-11-27 17:30:51', NULL, 1, NULL, NULL, NULL, NULL, NULL, 1, 15),
(44, 'Noelia', 'Nieto', NULL, 'noe.avicolatorrejonsrl@gmail.com', NULL, '$2y$12$ViENcawRfO3W39hJo/FcbuAQA0ijOVwEFb6V8LhCvmmBe3ieeGhBy', '2024-11-01 03:00:00', NULL, '2024-11-27 17:35:21', '2024-11-27 17:35:21', NULL, 1, NULL, NULL, NULL, NULL, NULL, 1, 16),
(45, 'Rene', 'Maizares', NULL, 'ventastorrejon.rene@gmail.com', NULL, '$2y$12$8h3vbmGM3Pnu2yWDWDXP5eun3J3BwZ3asRXjJgLv7LGVkBu/a2vc.', '2024-11-01 03:00:00', NULL, '2024-11-27 21:13:38', '2024-11-27 21:13:38', NULL, 0, NULL, NULL, NULL, NULL, NULL, 1, 11),
(46, 'Celeste', 'Sanchez', NULL, 'ventasceleste.avicolatorrejon@gmail.com', NULL, '$2y$12$slCs55/W3LmOp1R58rPPk./FHZHDfCXSew2BG031.e6.mVJK9Jku6', '2024-11-01 03:00:00', NULL, '2024-11-27 21:15:14', '2024-11-27 21:15:14', NULL, 0, NULL, NULL, NULL, NULL, NULL, 1, 11),
(47, 'Carlos', 'Salva', NULL, 'ventasramal.avicolatorrejon@gmail.com', NULL, '$2y$12$ZBPZDFjYYg0cSq/HRKvx/u5HrwhbuInm4eSTN0XN8n1ca3R4oiL9a', '2024-11-01 03:00:00', NULL, '2024-11-27 21:16:37', '2024-11-27 21:16:37', NULL, 0, NULL, NULL, NULL, NULL, NULL, 1, 11),
(48, 'Ezequiel', 'Salva', NULL, 'ventasperico.avicolatorrejon@gmail.com', NULL, '$2y$12$VbatokeSetmI/nsy8DXDYePzy6..YH5eRDxBtOsvgD6BJq4arPa4W', '2024-11-01 03:00:00', NULL, '2024-11-27 21:17:22', '2024-11-27 21:17:22', NULL, 0, NULL, NULL, NULL, NULL, NULL, 1, 11),
(49, 'Alfredo', 'Vilte', NULL, 'ventasnortetorrejon@gmail.com', NULL, '$2y$12$TWI3OHCdwxvh8dPs7W4zeO3DNWRJgOfqkepSWfyDXJa3pERvl1mTO', '2024-11-01 03:00:00', NULL, '2024-11-27 21:18:12', '2024-11-27 21:18:12', NULL, 0, NULL, NULL, NULL, NULL, NULL, 1, 11),
(50, 'Micaela', 'Peñaranda', NULL, 'ventasemi.avicolatorrejon@gmail.com', NULL, '$2y$12$7pk1GDqyCNMcFQYFoJ75sedhX31d1vSGvetM80hzxdHgGbuzozLfm', '2024-11-01 03:00:00', NULL, '2024-11-27 21:19:17', '2024-11-27 21:19:17', NULL, 0, NULL, NULL, NULL, NULL, NULL, 1, 11),
(51, 'Diego', 'Diaz', NULL, 'ventasavicolatorrejon@gmail.com', NULL, '$2y$12$IUTUac4mczC/5F6ouj1Q0eesB3wF6WpgzqB.d1FoU8Rudz33.oSq6', '2024-11-01 03:00:00', NULL, '2024-11-27 21:20:15', '2024-11-27 21:20:15', NULL, 0, NULL, NULL, NULL, NULL, NULL, 1, 11),
(52, 'Sebatian', 'Pereyra', NULL, 'avicolatorrejonventas@gmail.com', NULL, '$2y$12$a3HcZjF2aKN3gQdZ/2mcqOjCB/q1pBUSxUtM7GJxWb5n0vmou/cVS', '2024-11-01 03:00:00', NULL, '2024-11-27 21:23:43', '2024-11-27 21:23:43', NULL, 1, NULL, NULL, NULL, NULL, NULL, 1, 17),
(53, 'Facundo', 'Espinoza', NULL, 'facundoespinosa54321@gmail.com', NULL, '$2y$12$Qon6aYh8yPyEn3/GvArENuS8Kv8kW8pgsYXmfH2EQGu21gOLI.dPm', '2024-11-01 03:00:00', NULL, '2024-11-27 21:26:55', '2024-11-27 21:26:55', NULL, 1, NULL, NULL, NULL, NULL, NULL, 1, 9),
(54, 'Facundo', 'Cruz', NULL, 'facu21mamani@gmail.com', NULL, '$2y$12$97A6XV1o/RlUIomOtuSrdOSGqCeeOw6.OXPMWiAnsdlTNQeXB9y1e', '2024-11-01 03:00:00', NULL, '2024-11-27 21:29:30', '2024-11-27 21:29:30', NULL, 1, NULL, NULL, NULL, NULL, NULL, 1, 9);

-- --------------------------------------------------------

--
-- Estructura de tabla para la tabla `zonas`
--

CREATE TABLE `zonas` (
  `id` bigint(20) UNSIGNED NOT NULL,
  `name` varchar(250) NOT NULL,
  `location` varchar(250) NOT NULL,
  `description` text,
  `state` tinyint(1) UNSIGNED NOT NULL DEFAULT '1',
  `created_at` timestamp NULL DEFAULT NULL,
  `updated_at` timestamp NULL DEFAULT NULL,
  `deleted_at` timestamp NULL DEFAULT NULL
) ENGINE=InnoDB DEFAULT CHARSET=utf8mb4;

--
-- Volcado de datos para la tabla `zonas`
--

INSERT INTO `zonas` (`id`, `name`, `location`, `description`, `state`, `created_at`, `updated_at`, `deleted_at`) VALUES
(9, 'PUNA', 'la quiaca- abra pampa- tres cruces- puesto marques', 'puna', 1, '2024-11-15 13:16:08', '2024-11-15 13:16:08', NULL),
(10, 'QUEBRADA', 'humahuaca- tilcara- uquia- huacalera- sumaj pacha- tumbaya- volcan- leon', 'QUEBRADA', 1, '2024-11-15 13:17:22', '2024-11-15 13:17:22', NULL),
(11, 'S.S. de JUJUY NORTE', 'reyes- los molinos- ciudad de nieva-chingo-belgrano- bº centro- huaico- v. san martin- punta diamante', 'CAPITAL', 1, '2024-11-15 13:19:34', '2024-11-15 13:19:34', NULL),
(12, 'S.S. de JUJUY ESTE', 'los perales- chijra- campo verde- alto laviña- higuerrilla', 'CAPITAL', 1, '2024-11-15 13:20:43', '2024-11-15 13:20:43', NULL),
(13, 'S.S. de JUJUY OESTE', 'cuyaya- moreno- gorriti- crel. arias- cerro la rosa- el progreso', 'CAPITAL', 1, '2024-11-15 13:23:11', '2024-11-15 13:23:11', NULL),
(14, 'S.S. de JUJUY SUR', 'alberdi- san pedrito- barcena- malvinas- sgto. cabral', 'CAPITAL', 1, '2024-11-15 13:24:11', '2024-11-15 13:24:11', NULL),
(15, 'VALLES', 'los alisos- monterrico- el carmen- santo domingo- perico- aguas calientes- manantiales- puesto viejo- pampa blanca', 'VALLES', 1, '2024-11-15 13:25:33', '2024-11-15 13:25:33', NULL),
(16, 'RAMAL', 'san pedro- chalican- fraile- ledesma- libertador gral. san martin- calilegua', 'RAMAL', 1, '2024-11-15 13:27:09', '2024-11-15 13:27:09', NULL);

--
-- Índices para tablas volcadas
--

--
-- Indices de la tabla `accounts`
--
ALTER TABLE `accounts`
  ADD PRIMARY KEY (`id`),
  ADD UNIQUE KEY `email_UNIQUE` (`alias`),
  ADD UNIQUE KEY `number_UNIQUE` (`number`),
  ADD UNIQUE KEY `ubc_UNIQUE` (`ubc`);

--
-- Indices de la tabla `clients`
--
ALTER TABLE `clients`
  ADD PRIMARY KEY (`id`),
  ADD UNIQUE KEY `email` (`email`),
  ADD UNIQUE KEY `code` (`code`),
  ADD UNIQUE KEY `n_document` (`n_document`),
  ADD UNIQUE KEY `cuit` (`cuit`);

--
-- Indices de la tabla `client_segments`
--
ALTER TABLE `client_segments`
  ADD PRIMARY KEY (`id`);

--
-- Indices de la tabla `employee_functions`
--
ALTER TABLE `employee_functions`
  ADD PRIMARY KEY (`id`);

--
-- Indices de la tabla `empresas`
--
ALTER TABLE `empresas`
  ADD PRIMARY KEY (`id`);

--
-- Indices de la tabla `failed_jobs`
--
ALTER TABLE `failed_jobs`
  ADD PRIMARY KEY (`id`),
  ADD UNIQUE KEY `failed_jobs_uuid_unique` (`uuid`);

--
-- Indices de la tabla `migrations`
--
ALTER TABLE `migrations`
  ADD PRIMARY KEY (`id`);

--
-- Indices de la tabla `model_has_permissions`
--
ALTER TABLE `model_has_permissions`
  ADD PRIMARY KEY (`permission_id`,`model_id`,`model_type`),
  ADD KEY `model_has_permissions_model_id_model_type_index` (`model_id`,`model_type`);

--
-- Indices de la tabla `model_has_roles`
--
ALTER TABLE `model_has_roles`
  ADD PRIMARY KEY (`role_id`,`model_id`,`model_type`),
  ADD KEY `model_has_roles_model_id_model_type_index` (`model_id`,`model_type`);

--
-- Indices de la tabla `password_reset_tokens`
--
ALTER TABLE `password_reset_tokens`
  ADD PRIMARY KEY (`email`);

--
-- Indices de la tabla `permissions`
--
ALTER TABLE `permissions`
  ADD PRIMARY KEY (`id`),
  ADD UNIQUE KEY `permissions_name_guard_name_unique` (`name`,`guard_name`);

--
-- Indices de la tabla `personal_access_tokens`
--
ALTER TABLE `personal_access_tokens`
  ADD PRIMARY KEY (`id`),
  ADD UNIQUE KEY `personal_access_tokens_token_unique` (`token`),
  ADD KEY `personal_access_tokens_tokenable_type_tokenable_id_index` (`tokenable_type`,`tokenable_id`);

--
-- Indices de la tabla `providers`
--
ALTER TABLE `providers`
  ADD PRIMARY KEY (`id`),
  ADD UNIQUE KEY `code` (`code`),
  ADD UNIQUE KEY `email` (`email`),
  ADD UNIQUE KEY `n_document` (`n_document`),
  ADD UNIQUE KEY `cuit` (`cuit`);

--
-- Indices de la tabla `roles`
--
ALTER TABLE `roles`
  ADD PRIMARY KEY (`id`),
  ADD UNIQUE KEY `roles_name_guard_name_unique` (`name`,`guard_name`);

--
-- Indices de la tabla `role_has_permissions`
--
ALTER TABLE `role_has_permissions`
  ADD PRIMARY KEY (`permission_id`,`role_id`),
  ADD KEY `role_has_permissions_role_id_foreign` (`role_id`);

--
-- Indices de la tabla `sucursales`
--
ALTER TABLE `sucursales`
  ADD PRIMARY KEY (`id`),
  ADD UNIQUE KEY `code` (`code`);

--
-- Indices de la tabla `users`
--
ALTER TABLE `users`
  ADD PRIMARY KEY (`id`),
  ADD UNIQUE KEY `email_UNIQUE` (`email`),
  ADD UNIQUE KEY `document_UNIQUE` (`document`),
  ADD UNIQUE KEY `code_UNIQUE` (`code`),
  ADD UNIQUE KEY `jobcode_UNIQUE` (`jobcode`);

--
-- Indices de la tabla `zonas`
--
ALTER TABLE `zonas`
  ADD PRIMARY KEY (`id`);

--
-- AUTO_INCREMENT de las tablas volcadas
--

--
-- AUTO_INCREMENT de la tabla `accounts`
--
ALTER TABLE `accounts`
  MODIFY `id` bigint(20) UNSIGNED NOT NULL AUTO_INCREMENT, AUTO_INCREMENT=9;

--
-- AUTO_INCREMENT de la tabla `clients`
--
ALTER TABLE `clients`
  MODIFY `id` bigint(20) UNSIGNED NOT NULL AUTO_INCREMENT, AUTO_INCREMENT=219;

--
-- AUTO_INCREMENT de la tabla `client_segments`
--
ALTER TABLE `client_segments`
  MODIFY `id` bigint(20) UNSIGNED NOT NULL AUTO_INCREMENT, AUTO_INCREMENT=8;

--
-- AUTO_INCREMENT de la tabla `employee_functions`
--
ALTER TABLE `employee_functions`
  MODIFY `id` bigint(20) UNSIGNED NOT NULL AUTO_INCREMENT, AUTO_INCREMENT=9;

--
-- AUTO_INCREMENT de la tabla `empresas`
--
ALTER TABLE `empresas`
  MODIFY `id` bigint(20) UNSIGNED NOT NULL AUTO_INCREMENT, AUTO_INCREMENT=2;

--
-- AUTO_INCREMENT de la tabla `failed_jobs`
--
ALTER TABLE `failed_jobs`
  MODIFY `id` bigint(20) UNSIGNED NOT NULL AUTO_INCREMENT;

--
-- AUTO_INCREMENT de la tabla `migrations`
--
ALTER TABLE `migrations`
  MODIFY `id` int(10) UNSIGNED NOT NULL AUTO_INCREMENT, AUTO_INCREMENT=6;

--
-- AUTO_INCREMENT de la tabla `permissions`
--
ALTER TABLE `permissions`
  MODIFY `id` bigint(20) UNSIGNED NOT NULL AUTO_INCREMENT, AUTO_INCREMENT=37;

--
-- AUTO_INCREMENT de la tabla `personal_access_tokens`
--
ALTER TABLE `personal_access_tokens`
  MODIFY `id` bigint(20) UNSIGNED NOT NULL AUTO_INCREMENT;

--
-- AUTO_INCREMENT de la tabla `providers`
--
ALTER TABLE `providers`
  MODIFY `id` bigint(20) UNSIGNED NOT NULL AUTO_INCREMENT;

--
-- AUTO_INCREMENT de la tabla `roles`
--
ALTER TABLE `roles`
  MODIFY `id` bigint(20) UNSIGNED NOT NULL AUTO_INCREMENT, AUTO_INCREMENT=18;

--
-- AUTO_INCREMENT de la tabla `sucursales`
--
ALTER TABLE `sucursales`
  MODIFY `id` bigint(20) UNSIGNED NOT NULL AUTO_INCREMENT;

--
-- AUTO_INCREMENT de la tabla `users`
--
ALTER TABLE `users`
  MODIFY `id` bigint(20) UNSIGNED NOT NULL AUTO_INCREMENT, AUTO_INCREMENT=55;

--
-- AUTO_INCREMENT de la tabla `zonas`
--
ALTER TABLE `zonas`
  MODIFY `id` bigint(20) UNSIGNED NOT NULL AUTO_INCREMENT, AUTO_INCREMENT=17;

--
-- Restricciones para tablas volcadas
--

--
-- Filtros para la tabla `model_has_permissions`
--
ALTER TABLE `model_has_permissions`
  ADD CONSTRAINT `model_has_permissions_permission_id_foreign` FOREIGN KEY (`permission_id`) REFERENCES `permissions` (`id`) ON DELETE CASCADE;

--
-- Filtros para la tabla `model_has_roles`
--
ALTER TABLE `model_has_roles`
  ADD CONSTRAINT `model_has_roles_role_id_foreign` FOREIGN KEY (`role_id`) REFERENCES `roles` (`id`) ON DELETE CASCADE;

--
-- Filtros para la tabla `role_has_permissions`
--
ALTER TABLE `role_has_permissions`
  ADD CONSTRAINT `role_has_permissions_permission_id_foreign` FOREIGN KEY (`permission_id`) REFERENCES `permissions` (`id`) ON DELETE CASCADE,
  ADD CONSTRAINT `role_has_permissions_role_id_foreign` FOREIGN KEY (`role_id`) REFERENCES `roles` (`id`) ON DELETE CASCADE;
COMMIT;

/*!40101 SET CHARACTER_SET_CLIENT=@OLD_CHARACTER_SET_CLIENT */;
/*!40101 SET CHARACTER_SET_RESULTS=@OLD_CHARACTER_SET_RESULTS */;
/*!40101 SET COLLATION_CONNECTION=@OLD_COLLATION_CONNECTION */;
